CW001W;cw001w soft whisper;CW001W;Soft Whisper;F0ECEB
CW002W;cw002w rain shimmer;CW002W;Rain Shimmer;FCF8F5
CW003W;cw003w mysterious;CW003W;Mysterious;F6F3EE
CW004W;cw004w delicate blue;CW004W;Delicate Blue;E9E5E4
CW005W;cw005w winterscape;CW005W;Winterscape;E0DBD7
CW006W;cw006w shaded ice;CW006W;Shaded Ice;E3DEDB
CW007W;cw007w blue twinkle;CW007W;Blue Twinkle;F5F5F5
CW008W;cw008w blue glance;CW008W;Blue Glance;F4F4F2
CW009W;cw009w barely blue;CW009W;Barely Blue;F2EFEA
CW010W;cw010w blueberry haze;CW010W;Blueberry Haze;E7E6E2
CW011W;cw011w serene white;CW011W;Serene White;E9E8E4
CW012W;cw012w blueberry mist;CW012W;Blueberry Mist;F1F0EC
CW013W;cw013w blueberry hint;CW013W;Blueberry Hint;FBFCF7
CW014W;cw014w blueberry frost;CW014W;Blueberry Frost;FBFBF9
CW015W;cw015w perfect mint;CW015W;Perfect Mint;FAFBF6
CW016W;cw016w lime squeeze;CW016W;Lime Squeeze;F3F4EF
CW017W;cw017w limon;CW017W;Limon;F3F2ED
CW018W;cw018w lime treat;CW018W;Lime Treat;FAFBF5
CW019W;cw019w lemonade;CW019W;Lemonade;FFFEE9
CW020W;cw020w lemon white;CW020W;Lemon White;FFF7E8
CW021W;cw021w lemon peel;CW021W;Lemon Peel;FFF4E6
CW022W;cw022w soft gold;CW022W;Soft Gold;FFF4DE
CW023W;cw023w lis creme;CW023W;Lis Creme;FFF8EB
CW024W;cw024w soaring white;CW024W;Soaring White;FFF9EE
CW025W;cw025w restorative;CW025W;Restorative;FFF4DE
CW026W;cw026w lemon chiffon;CW026W;Lemon Chiffon;FFF8DE
CW027W;cw027w sensitive white;CW027W;Sensitive White;FFF6E5
CW028W;cw028w orange whip;CW028W;Orange Whip;FEEBDC
CW029W;cw029w orange peel;CW029W;Orange Peel;FFEDDF
CW030W;cw030w apple peel;CW030W;Apple Peel;FFF2E9
CW031W;cw031w coconut spirit;CW031W;Coconut Spirit;FFEFE2
CW032W;cw032w orange foam;CW032W;Orange Foam;FFF1E4
CW033W;cw033w floral white;CW033W;Floral White;FEF0E7
CW034W;cw034w coconut milk;CW034W;Coconut Milk;F8E5D7
CW035W;cw035w coconut twist;CW035W;Coconut Twist;FFE6D9
CW036W;cw036w apple tint;CW036W;Apple Tint;FFF5EC
CW037W;cw037w white filigree;CW037W;White Filigree;FFECE5
CW038W;cw038w apple delight;CW038W;Apple Delight;FFF6F1
CW039W;cw039w coconut colada;CW039W;Coconut Colada;FEF9F5
CW040W;cw040w essence;CW040W;Essence;F3E3E3
CW041W;cw041w poetic white;CW041W;Poetic White;F3E8E6
CW042W;cw042w grape freeze;CW042W;Grape Freeze;FFF6F5
CW043W;cw043w grape reflection;CW043W;Grape Reflection;FFFBF8
CW044W;cw044w grape ole;CW044W;Grape Ole;F8F3EF
CW045W;cw045w grape beginnings;CW045W;Grape Beginnings;FCF7F3
CW046W;cw046w enchanting;CW046W;Enchanting;F1E7E5
CW047W;cw047w hidden white;CW047W;Hidden White;EFEAE6
CW048W;cw048w composed;CW048W;Composed;FBF7F4
CW049W;cw049w light antique;CW049W;Light Antique;F5E4DC
CW050W;cw050w plum black white;CW050W;Plum Black White;FBF6F3
CW051W;cw051w solo white;CW051W;Solo White;FEF9F5
CW052W;cw052w subtlety natural;CW052W;Subtlety Natural;EDE3DA
CW053W;cw053w natural bisque;CW053W;Natural Bisque;F1E1D4
CW054W;cw054w natural echo;CW054W;Natural Echo;FFF3E5
CW055W;cw055w honeywind;CW055W;Honeywind;FBE8D7
CW056W;cw056w moonlit;CW056W;Moonlit;FBE8D9
CW057W;cw057w white solitude;CW057W;White Solitude;FDEDE0
CW058W;cw058w dove wing;CW058W;Dove Wing;EEDED1
CW059W;cw059w fog mist;CW059W;Fog Mist;F6E5D5
CW060W;cw060w sea cloud;CW060W;Sea Cloud;FFF8ED
CW061W;cw061w lime peel;CW061W;Lime Peel;F7F4ED
CW062W;cw062w delicate aire;CW062W;Delicate Aire;FCF9F2
CW063W;cw063w juliet's white;CW063W;Juliet's White;FFFCF7
CW064W;cw064w white pebble;CW064W;White Pebble;EAE5E1
CW065W;cw065w camelle;CW065W;Camelle;FEFDF8
CW066W;cw066w picket white;CW066W;Picket White;FDF9F6
CW067W;cw067w soft mist;CW067W;Soft Mist;EDEAE5
CW068W;cw068w intimate white;CW068W;Intimate White;F3F0EB
CW069W;cw069w respectfully white;CW069W;Respectfully White;F1ECE8
CW070W;cw070w plum black ashes;CW070W;Plum Black Ashes;F0EBE7
CW071W;cw071w plum black absence;CW071W;Plum Black Absence;F1ECE8
CW072W;cw072w plum black whisper;CW072W;Plum Black Whisper;FAF6F3
7000W;7000w white lilac;7000W;White Lilac;FFF1F6
7001W;7001w lilac glaze;7001W;Lilac Glaze;F6E5F7
7002W;7002w lavender bubble;7002W;Lavender Bubble;E4CDEA
7003M;7003m lively lavender;7003M;Lively Lavender;D0B6DD
7004M;7004m candy violet;7004M;Candy Violet;BB9ECA
7005D;7005d purple sequel;7005D;Purple Sequel;9376A2
7006N;7006n purple passion;7006N;Purple Passion;6F527E
7010W;7010w phantom violet;7010W;Phantom Violet;F8EDF1
7011W;7011w lilac petal;7011W;Lilac Petal;EADBF0
7012W;7012w violet veil;7012W;Violet Veil;D8C8E2
7013M;7013m peruvian violet;7013M;Peruvian Violet;C4B2D8
7014M;7014m sugarplum;7014M;Sugarplum;B4A2CA
7015D;7015d super violet;7015D;Super Violet;8A76A7
7016A;7016a purple banner;7016A;Purple Banner;6F5D8D
7020W;7020w frost violet;7020W;Frost Violet;F1EFF4
7021W;7021w cool lilac;7021W;Cool Lilac;E9E7FC
7022W;7022w spring crocus;7022W;Spring Crocus;D3D4F3
7023M;7023m lupine;7023M;Lupine;BDBBE3
7024M;7024m poet's purple;7024M;Poet's Purple;AFA5D7
7025D;7025d paradox;7025D;Paradox;897CB1
7026N;7026n purple eden;7026N;Purple Eden;61598A
7030W;7030w white finesse;7030W;White Finesse;FFFEFC
7031W;7031w lavender star;7031W;Lavender Star;DCDDF3
7032W;7032w lavender glow;7032W;Lavender Glow;CDD0EF
7033M;7033m lilac luxury;7033M;Lilac Luxury;B7BCE2
7034M;7034m blue iris;7034M;Blue Iris;A7A5D4
7035D;7035d lavender blue;7035D;Lavender Blue;7E7DB6
7036A;7036a blue foxglove;7036A;Blue Foxglove;655D96
7040W;7040w sedum flower;7040W;Sedum Flower;FCFAFB
7041W;7041w woodflower;7041W;Woodflower;DEE2FD
7042W;7042w parlor blue;7042W;Parlor Blue;C2D1EE
7043M;7043m blue feather;7043M;Blue Feather;AFBBE1
7044M;7044m brewster blue;7044M;Brewster Blue;9DA8D5
7045D;7045d blue epic;7045D;Blue Epic;737EB3
7046A;7046a etheria blue;7046A;Etheria Blue;5A639A
7050W;7050w blue chill;7050W;Blue Chill;EFF3F6
7051W;7051w bluet bouquet;7051W;Bluet Bouquet;DEE4F0
7052W;7052w brisk blue;7052W;Brisk Blue;B8CEE6
7053M;7053m jonathan;7053M;Jonathan;A3BDDE
7054M;7054m venetian blue;7054M;Venetian Blue;90A9D2
7055D;7055d pompeii;7055D;Pompeii;648CC0
7056N;7056n endless blue;7056N;Endless Blue;4E649D
7060W;7060w cool vista;7060W;Cool Vista;FEFEFC
7061W;7061w soft sky;7061W;Soft Sky;E2F2FB
7062W;7062w carolina blue;7062W;Carolina Blue;BCDEFA
7063M;7063m blue palace;7063M;Blue Palace;9ACCEF
7064M;7064m water jet;7064M;Water Jet;8CBCE2
7065D;7065d triumph blue;7065D;Triumph Blue;5194CB
7066N;7066n stars forever;7066N;Stars Forever;4169A4
7070W;7070w bridgewater;7070W;Bridgewater;FEFEFC
7071W;7071w meltwater;7071W;Meltwater;CCF0FC
7072W;7072w heron blue;7072W;Heron Blue;BEE7FA
7073M;7073m bluejay;7073M;Bluejay;91D0F1
7074M;7074m brandon's blue;7074M;Brandon's Blue;7ABFE8
7075D;7075d electron blue;7075D;Electron Blue;489BCD
7076A;7076a neon blue;7076A;Neon Blue;3F76B9
7080W;7080w sistine blue;7080W;Sistine Blue;E9FEFF
7081W;7081w clear day;7081W;Clear Day;D4F5FE
7082W;7082w sky delight;7082W;Sky Delight;B6E3F8
7083M;7083m blue yonder;7083M;Blue Yonder;95CDE8
7084M;7084m parade blue;7084M;Parade Blue;87BEDC
7085D;7085d atlas blue;7085D;Atlas Blue;5597B9
7086A;7086a gulf coast;7086A;Gulf Coast;3477A2
7090W;7090w blue cool;7090W;Blue Cool;EFFBFB
7091W;7091w ondine blue;7091W;Ondine Blue;DFF2F8
7092W;7092w inspiration blue;7092W;Inspiration Blue;B4DBEA
7093M;7093m baby blue eyes;7093M;Baby Blue Eyes;96C9DC
7094M;7094m blue stencil;7094M;Blue Stencil;82BBCF
7095D;7095d granada blue;7095D;Granada Blue;539BB4
7096A;7096a deep marine;7096A;Deep Marine;3F809E
7100W;7100w blue facets;7100W;Blue Facets;FEFEFC
7101W;7101w blue gossamer;7101W;Blue Gossamer;D9FBFD
7102W;7102w galactic blue;7102W;Galactic Blue;B8ECF7
7103M;7103m aqua whisper;7103M;Aqua Whisper;9BD6E4
7104M;7104m carribean waters;7104M;Carribean Waters;7EC8D5
7105D;7105d matisse blue;7105D;Matisse Blue;51A3AF
7106A;7106a aqua fantasy;7106A;Aqua Fantasy;3D8790
7110W;7110w lithesome blue;7110W;Lithesome Blue;EBFFFE
7111W;7111w intricate aqua;7111W;Intricate Aqua;D3FAFC
7112W;7112w sea port;7112W;Sea Port;BAF0F2
7113M;7113m birthstone;7113M;Birthstone;8FDDDF
7114M;7114m noblesse;7114M;Noblesse;74CDD1
7115D;7115d calypso;7115D;Calypso;48AFAC
7116A;7116a bloodstone;7116A;Bloodstone;348F86
7120W;7120w shallow pool;7120W;Shallow Pool;F6FFFE
7121W;7121w cupid green;7121W;Cupid Green;C6FDFA
7122W;7122w water dance;7122W;Water Dance;AEF3EE
7123M;7123m jadeast;7123M;Jadeast;8BDCD6
7124M;7124m aqua fresco;7124M;Aqua Fresco;6ACDC8
7125D;7125d indian bead;7125D;Indian Bead;48B1A0
7126N;7126n subterranean;7126N;Subterranean;30917E
7130W;7130w aquarill;7130W;Aquarill;F8FEFA
7131W;7131w green aqua;7131W;Green Aqua;C3F6F1
7132W;7132w cyan waters;7132W;Cyan Waters;B0E9E3
7133M;7133m tahitian breeze;7133M;Tahitian Breeze;83D9CE
7134D;7134d jade jewel;7134D;Jade Jewel;54C3B2
7135A;7135a paradise waters;7135A;Paradise Waters;2BA991
7136N;7136n mayan green;7136N;Mayan Green;25977E
7140W;7140w nile mist;7140W;Nile Mist;F0FFFA
7141W;7141w tropic sealight;7141W;Tropic Sealight;C0F9F0
7142W;7142w beau monde;7142W;Beau Monde;A7F5E7
7143M;7143m wistful green;7143M;Wistful Green;94E2D4
7144D;7144d island dream;7144D;Island Dream;61C2AD
7145D;7145d green melody;7145D;Green Melody;4FB397
7146N;7146n pageant green;7146N;Pageant Green;2F8E6E
7150W;7150w hint o' green;7150W;Hint O' Green;F3FFF9
7151W;7151w mint frost;7151W;Mint Frost;C8FCE6
7152W;7152w tender green;7152W;Tender Green;BBF6DA
7153M;7153m summer green;7153M;Summer Green;A3E2C7
7154D;7154d dutch bells;7154D;Dutch Bells;6FC69B
7155D;7155d green glory;7155D;Green Glory;57B8883
7156N;7156n patrick green;7156N;Patrick Green;248F59
7160W;7160w spring mint;7160W;Spring Mint;F6FEEF
7161W;7161w wispy green;7161W;Wispy Green;DBFFE3
7162W;7162w green gulf;7162W;Green Gulf;C5F1CD
7163M;7163m bailey's beads;7163M;Bailey's Beads;9CE0A5
7164D;7164d shocking green;7164D;Shocking Green;67C273
7165A;7165a lucky shamrock;7165A;Lucky Shamrock;4AB265
7166N;7166n isle o' green;7166N;Isle O' Green;34A150
7170W;7170w bon bon;7170W;Bon Bon;F4FFEF
7171W;7171w willow sweeps;7171W;Willow Sweeps;D5F4D4
7172W;7172w duet green;7172W;Duet Green;C1E7C0
7173M;7173m applejack;7173M;Applejack;A3D49D
7174D;7174d canopy green;7174D;Canopy Green;79B671
7175A;7175a belladonna;7175A;Belladonna;63A75C
7176N;7176n green hedge;7176N;Green Hedge;549C50
7180W;7180w pale parsnip;7180W;Pale Parsnip;FFFFEB
7181W;7181w green pear;7181W;Green Pear;EAFDD0
7182W;7182w green muslin;7182W;Green Muslin;D5F0BB
7183M;7183m candy lime;7183M;Candy Lime;BCDF9D
7184D;7184d green balsam;7184D;Green Balsam;96C372
7185A;7185a broadleaf;7185A;Broadleaf;87B761
7186N;7186n bonzai green;7186N;Bonzai Green;75A453
7190W;7190w tiffany glass;7190W;Tiffany Glass;FFFFE7
7191W;7191w rain reflection;7191W;Rain Reflection;F0F7CB
7192W;7192w tangy green;7192W;Tangy Green;E3ECB3
7193M;7193m green moth;7193M;Green Moth;D5E09E
7194D;7194d spring grass;7194D;Spring Grass;BFCC70
7195A;7195a picnic green;7195A;Picnic Green;ABBB59
7196N;7196n bistro green;7196N;Bistro Green;86A349
7200W;7200w shower mint;7200W;Shower Mint;FFFFDD
7201W;7201w sparkle green;7201W;Sparkle Green;FFFECB
7202W;7202w lilting green;7202W;Lilting Green;E9F6B0
7203M;7203m breadfruit;7203M;Breadfruit;DAE692
7204D;7204d spring chartreuse;7204D;Spring Chartreuse;CBD775
7205A;7205a limeburst;7205A;Limeburst;B8CA54
7206N;7206n pekingese;7206N;Pekingese;A5BE3E
7210W;7210w greenlet;7210W;Greenlet;FDFFD8
7211W;7211w new spring;7211W;New Spring;F6FABD
7212W;7212w spiney green;7212W;Spiney Green;E6ED9D
7213D;7213d yellow citrus;7213D;Yellow Citrus;DEE271
7214D;7214d lime tart;7214D;Lime Tart;DEE061
7215A;7215a lime flip;7215A;Lime Flip;DDDF4E
7216N;7216n brite lime;7216N;Brite Lime;C9D835
7220W;7220w yellow buff;7220W;Yellow Buff;FFFFE1
7221W;7221w fresh lemon;7221W;Fresh Lemon;FEFED5
7222W;7222w daisy petal;7222W;Daisy Petal;FFFFB5
7223M;7223m glittering sun;7223M;Glittering Sun;FFFB9A
7224D;7224d yellow jubilee;7224D;Yellow Jubilee;FEEC64
7225A;7225a competition yellow;7225A;Competition Yellow;FFE94E
7226N;7226n sun valley;7226N;Sun Valley;FED731
7230W;7230w translucence;7230W;Translucence;FFFFE5
7231W;7231w afternoon delight;7231W;Afternoon Delight;FFFEC5
7232W;7232w mineral yellow;7232W;Mineral Yellow;FFF7AF
7233M;7233m southern sun;7233M;Southern Sun;FFEF97
7234D;7234d yellow tulip;7234D;Yellow Tulip;FDE271
7235A;7235a ornate yellow;7235A;Ornate Yellow;F7D655
7236N;7236n imperial yellow;7236N;Imperial Yellow;F4C93C
7240W;7240w chaste white;7240W;Chaste White;FFFFEB
7241W;7241w sun shimmer;7241W;Sun Shimmer;FFFEC5
7242W;7242w yellow begonia;7242W;Yellow Begonia;FEF7AF
7243M;7243m forsythia;7243M;Forsythia;FFE890
7244D;7244d golden ray;7244D;Golden Ray;FFD765
7245A;7245a glimmer gold;7245A;Glimmer Gold;FFD1F4
7246N;7246n golden dome;7246N;Golden Dome;FEC93B
7250W;7250w serenity;7250W;Serenity;FFFEEC
7251W;7251w lemon meringue;7251W;Lemon Meringue;FFF5C2
7252W;7252w sundew;7252W;Sundew;FFEBAC
7253M;7253m golden corn;7253M;Golden Corn;FEE191
7254D;7254d black-eyed susan;7254D;Black-eyed Susan;FFD25D
7255A;7255a high sun;7255A;High Sun;FECB4C
7256N;7256n coronation gold;7256N;Coronation Gold;FAB62F
7260W;7260w amber white;7260W;Amber White;FEFDDF
7261W;7261w sunny beach;7261W;Sunny Beach;FEFED8
7262W;7262w warm rays;7262W;Warm Rays;FFEFB0
7263M;7263m sunspot;7263M;Sunspot;FEE38C
7264D;7264d sardonyx;7264D;Sardonyx;FFCC5E
7265A;7265a golden glisten;7265A;Golden Glisten;FFC44E
7266N;7266n garden marigold;7266N;Garden Marigold;F8A52B
7270W;7270w filtered light;7270W;Filtered Light;FFFFEA
7271W;7271w morning moon;7271W;Morning Moon;FFF9D5
7272W;7272w honey pear;7272W;Honey Pear;FFEEAC
7273M;7273m amber light;7273M;Amber Light;FFDD8C
7274D;7274d scotch yellow;7274D;Scotch Yellow;FFC55A
7275A;7275a imperial palace;7275A;Imperial Palace;FFBC47
7276N;7276n palace gold;7276N;Palace Gold;FBA52E
7280W;7280w golden blonde;7280W;Golden Blonde;FFF7E0
7281W;7281w palest sunset;7281W;Palest Sunset;FFF7D6
7282W;7282w candleglow;7282W;Candleglow;FFE5AA
7283M;7283m matisse gold;7283M;Matisse Gold;FFCE8B
7284D;7284d fireside;7284D;Fireside;FBBB71
7285A;7285a marsh marigold;7285A;Marsh Marigold;F2A947
7286N;7286n brilliant orange;7286N;Brilliant Orange;F29035
7290W;7290w natural wax;7290W;Natural Wax;FFF7D8
7291W;7291w runnymede;7291W;Runnymede;FFEAC1
7292W;7292w freestone;7292W;Freestone;FEDCAC
7293M;7293m summer melon;7293M;Summer Melon;F9C88D
7294D;7294d pom pom orange;7294D;Pom Pom Orange;F0B571
7295D;7295d malaga;7295D;Malaga;EBA862
7296N;7296n barcelona;7296N;Barcelona;DE8C40
7300W;7300w pale chamois;7300W;Pale Chamois;FFF6DB
7301W;7301w brushed peach;7301W;Brushed Peach;FFEDCD
7302W;7302w carmelite;7302W;Carmelite;FEDCB3
7303M;7303m aztec dawn;7303M;Aztec Dawn;F4BF93
7304D;7304d rice curry;7304D;Rice Curry;EDAF7C
7305D;7305d sundance;7305D;Sundance;E3A16D
7306N;7306n cinnamon cider;7306N;Cinnamon Cider;D78850
7310W;7310w camisole silk;7310W;Camisole Silk;FFF9DD
7311W;7311w peach mallow;7311W;Peach Mallow;FFECCE
7312W;7312w filtered moon;7312W;Filtered Moon;FEDFC2
7313M;7313m new penny;7313M;New Penny;F6BC97
7314D;7314d octoberfest;7314D;Octoberfest;F0B082
7315D;7315d rustica;7315D;Rustica;E59F6E
7316N;7316n iron orange;7316N;Iron Orange;CD7C4D
7320W;7320w flemish lace;7320W;Flemish Lace;FEFBE8
7321W;7321w apricot lily;7321W;Apricot Lily;FEEDCF
7322W;7322w petite peach;7322W;Petite Peach;FFD7B3
7323M;7323m peruvian orange;7323M;Peruvian Orange;FDBD8D
7324D;7324d indian turnip;7324D;Indian Turnip;F2AD74
7325D;7325d diced carrot;7325D;Diced Carrot;E69462
7326A;7326a glazed carrot;7326A;Glazed Carrot;EE854E
7330W;7330w silky white;7330W;Silky White;FFF2E1
7331W;7331w peach veil;7331W;Peach Veil;FFE3CB
7332W;7332w peach satin;7332W;Peach Satin;FECCB1
7333M;7333m endless peach;7333M;Endless Peach;F8B790
7334D;7334d orangeade;7334D;Orangeade;F1AA7E
7335D;7335d golden poppy;7335D;Golden Poppy;EC986A
7336A;7336a tahitian sun;7336A;Tahitian Sun;EC8155
7340W;7340w ocean shell;7340W;Ocean Shell;FFF6ED
7341W;7341w coral almond;7341W;Coral Almond;FFEDD9
7342W;7342w apricot nectar;7342W;Apricot Nectar;FFD0BE
7343M;7343m salted shrimp;7343M;Salted Shrimp;FEB89C
7344D;7344d shrimp peel;7344D;Shrimp Peel;F9A684
7345D;7345d fired shrimp;7345D;Fired Shrimp;F08F6C
7346A;7346a mikado;7346A;Mikado;E27A57
7350W;7350w orange charm;7350W;Orange Charm;FFF5EB
7351W;7351w always apricot;7351W;Always Apricot;FEEDDD
7352W;7352w cayman peach;7352W;Cayman Peach;FFDAC7
7353M;7353m peach darling;7353M;Peach Darling;FFBA9F
7354D;7354d orange buff;7354D;Orange Buff;FF9E7B
7355A;7355a fiesta fire;7355A;Fiesta Fire;F5835F
7356N;7356n autumn blaze;7356N;Autumn Blaze;F36D50
7360W;7360w coral sand;7360W;Coral Sand;FFF7F2
7361W;7361w apricot glove;7361W;Apricot Glove;FEE8D8
7362W;7362w malta pink;7362W;Malta Pink;FED8CD
7363M;7363m peach parfait;7363M;Peach Parfait;F9AB9B
7364D;7364d coral azalea;7364D;Coral Azalea;F2927C
7365A;7365a new orange;7365A;New Orange;E0765E
7366N;7366n orange flambe;7366N;Orange Flambe;D75A42
7370W;7370w angel peach;7370W;Angel Peach;FFEEE6
7371W;7371w peach opal;7371W;Peach Opal;FFE2DA
7372W;7372w coral haze;7372W;Coral Haze;FFCECA
7373M;7373m corallina;7373M;Corallina;EEA89E
7374D;7374d phoenix sun;7374D;Phoenix Sun;E08976
7375A;7375a tangerine;7375A;Tangerine;D46C5F
7376N;7376n fired orange;7376N;Fired Orange;C15246
7380W;7380w creamy pink;7380W;Creamy Pink;FFF5F3
7381W;7381w crushed shell;7381W;Crushed Shell;FFE35E
7382W;7382w granite rose;7382W;Granite Rose;FFD5D7
7383M;7383m coral fantasy;7383M;Coral Fantasy;F9AAAF
7384D;7384d coral gate;7384D;Coral Gate;F08984
7385A;7385a coral flower;7385A;Coral Flower;D66D67
7386N;7386n red flare;7386N;Red Flare;BA5654
7390W;7390w april blush;7390W;April Blush;FEFAF9
7391W;7391w peaking pink;7391W;Peaking Pink;FFE6EC
7392W;7392w peach bloom;7392W;Peach Bloom;FED5DE
7393M;7393m camellia pink;7393M;Camellia Pink;F8A8B3
7394D;7394d peach pink;7394D;Peach Pink;F38286
7395A;7395a lobster tail;7395A;Lobster Tail;E26B71
7396N;7396n fire princess;7396N;Fire Princess;BF4144
7400W;7400w ceramic pink;7400W;Ceramic Pink;FFF5F3
7401W;7401w melon ice;7401W;Melon Ice;FEE5EB
7402W;7402w pink crest;7402W;Pink Crest;FED5DD
7403M;7403m exquisite;7403M;Exquisite;F6A2B2
7404D;7404d melon shine;7404D;Melon Shine;E5788B
7405A;7405a fire pink;7405A;Fire Pink;D96572
7406N;7406n real red;7406N;Real Red;C03C47
7410W;7410w ballet;7410W;Ballet;FFF7F6
7411W;7411w pink ribbon;7411W;Pink Ribbon;FFDDED
7412W;7412w timeless pink;7412W;Timeless Pink;FACADA
7413M;7413m priscilla pink;7413M;Priscilla Pink;F1A1BC
7414D;7414d carnation kiss;7414D;Carnation Kiss;E77597
7415A;7415a valentine;7415A;Valentine;E85B7B
7416N;7416n chinese pagoda;7416N;Chinese Pagoda;E04356
7420W;7420w pink pomander;7420W;Pink Pomander;FFF0F7
7421W;7421w romantic lace;7421W;Romantic Lace;FFE6F9
7422W;7422w porcelain pink;7422W;Porcelain Pink;FFD5ED
7423M;7423m peony petal;7423M;Peony Petal;FDA3C6
7424D;7424d strawberry swirl;7424D;Strawberry Swirl;F07EA0
7425A;7425a precious rose;7425A;Precious Rose;E56683
7426N;7426n zinnia scarlet;7426N;Zinnia Scarlet;C73E52
7430W;7430w pink icing;7430W;Pink Icing;FFF4F8
7431W;7431w ashley pink;7431W;Ashley Pink;FFDFF4
7432W;7432w pink crown;7432W;Pink Crown;FED3EC
7433M;7433m rose freeze;7433M;Rose Freeze;F4A4CB
7434D;7434d fashion pink;7434D;Fashion Pink;E679A2
7435A;7435a veronica;7435A;Veronica;E0638B
7436N;7436n brilliant pink;7436N;Brilliant Pink;C0455A
7440W;7440w lillium;7440W;Lillium;FFF4F8
7441W;7441w pink tiara;7441W;Pink Tiara;FFE3FA
7442W;7442w angel wing;7442W;Angel Wing;FFD2EF
7443M;7443m cerise pink;7443M;Cerise Pink;F49FC9
7444D;7444d fuschia flock;7444D;Fuschia Flock;D774A2
7445A;7445a fuschia kiss;7445A;Fuschia Kiss;CF6387
7446N;7446n sizzling pink;7446N;Sizzling Pink;BC4A6E
7450W;7450w trailing pink;7450W;Trailing Pink;FFF1F4
7451W;7451w early pink;7451W;Early Pink;FEDBF1
7452W;7452w pink overlay;7452W;Pink Overlay;F9C7E2
7453M;7453m cut lavender;7453M;Cut Lavender;EFB1D8
7454D;7454d souvenir rose;7454D;Souvenir Rose;D97DAC
7455A;7455a rose luster;7455A;Rose Luster;C56392
7456N;7456n majestic magenta;7456N;Majestic Magenta;B44F77
7460W;7460w rose morn;7460W;Rose Morn;FFF9F9
7461W;7461w island dawn;7461W;Island Dawn;FFEDF9
7462W;7462w fresh bud;7462W;Fresh Bud;F2D0F1
7463M;7463m laurel blossom;7463M;Laurel Blossom;DDA5D4
7464D;7464d violet cluster;7464D;Violet Cluster;C989BC
7465D;7465d imperial purple;7465D;Imperial Purple;BA77AA
7466N;7466n royal robe;7466N;Royal Robe;92547B
7470W;7470w iced orchid;7470W;Iced Orchid;FFF1F8
7471W;7471w lavender posy;7471W;Lavender Posy;FBE8FE
7472W;7472w orchid scent;7472W;Orchid Scent;EBD0F1
7473M;7473m lavender mist;7473M;Lavender Mist;D0A6D4
7474D;7474d salina grape;7474D;Salina Grape;BF91C2
7475D;7475d wild orchid;7475D;Wild Orchid;AA78AB
7476N;7476n purplestone;7476N;Purplestone;81547F
7960W;7960w embracing lilac;7960W;Embracing Lilac;F6F0F0
7961W;7961w spring parasol;7961W;Spring Parasol;E3DCE4
7962W;7962w venice lavender;7962W;Venice Lavender;D6CAD4
7963M;7963m slow dancer;7963M;Slow Dancer;B9AAC4
7964M;7964m rhinestone;7964M;Rhinestone;9D93AC
7965D;7965d prestige purple;7965D;Prestige Purple;7B7189
7966A;7966a valhalla;7966A;Valhalla;615970
7970W;7970w sheer lilac;7970W;Sheer Lilac;F5F1F2
7971W;7971w canterbury bell;7971W;Canterbury Bell;E2DAE6
7972W;7972w crushed heather;7972W;Crushed Heather;D3CADB
7973M;7973m pretty purple;7973M;Pretty Purple;B7B0CF
7974M;7974m purple rain;7974M;Purple Rain;9F98B9
7975D;7975d stargazing night;7975D;Stargazing Night;807699
7976N;7976n planetary plume;7976N;Planetary Plume;5B5378
7980W;7980w iced blue;7980W;Iced Blue;F0EFF5
7981W;7981w glacier wall;7981W;Glacier Wall;E1E2F4
7982W;7982w blue sash;7982W;Blue Sash;CBD4F1
7983M;7983m bracing blue;7983M;Bracing Blue;BAC0E0
7984M;7984m tapestry blue;7984M;Tapestry Blue;9CA4C9
7985D;7985d blue border;7985D;Blue Border;7B7DA4
7986N;7986n indigo night;7986N;Indigo Night;4E5172
7990W;7990w pearl violet;7990W;Pearl Violet;F6F4F5
7991W;7991w basin blue;7991W;Basin Blue;DCDFF2
7992W;7992w studio blue;7992W;Studio Blue;C4D4EE
7993M;7993m perfect blue;7993M;Perfect Blue;B2BFDF
7994M;7994m ceremonial blue;7994M;Ceremonial Blue;9DABD0
7995D;7995d valor blue;7995D;Valor Blue;7881A8
7996N;7996n twilight zone;7996N;Twilight Zone;475270
8000W;8000w airland blue;8000W;Airland Blue;F6F5FA
8001W;8001w nimbus blue;8001W;Nimbus Blue;E2E6F2
8002W;8002w floss flower;8002W;Floss Flower;CAD6EE
8003M;8003m blue wainscot;8003M;Blue Wainscot;ACBDD9
8004M;8004m blue room;8004M;Blue Room;91A3C7
8005D;8005d wilshire blue;8005D;Wilshire Blue;707EA3
8006N;8006n academy blue;8006N;Academy Blue;4D5D7E
8010W;8010w blue edge;8010W;Blue Edge;EBEEF3
8011W;8011w corn flower;8011W;Corn Flower;CFDCEC
8012W;8012w jeffrey blue;8012W;Jeffrey Blue;BCCDDD
8013W;8013w blue hat;8013W;Blue Hat;A4B9D6
8014M;8014m blue surf;8014M;Blue Surf;88A3C1
8015D;8015d water works;8015D;Water Works;697E9D
8016N;8016n deep waters;8016N;Deep Waters;485D78
8020W;8020w tender blue;8020W;Tender Blue;F6F6F6
8021W;8021w blue waltz;8021W;Blue Waltz;D8EBFA
8022W;8022w cool starlight;8022W;Cool Starlight;C0DEF6
8023M;8023m clear sky;8023M;Clear Sky;A4C8E2
8024M;8024m capri grotto;8024M;Capri Grotto;84A7C5
8025D;8025d florentine blue;8025D;Florentine Blue;627F9D
8026N;8026n italian tile;8026N;Italian Tile;415D75
8030W;8030w song blue;8030W;Song Blue;EFF7F9
8031W;8031w bugle blue;8031W;Bugle Blue;D3EBF7
8032W;8032w high flyer;8032W;High Flyer;B8DBF1
8033M;8033m sky dive;8033M;Sky Dive;9DC8DE
8034M;8034m pacific ocean;8034M;Pacific Ocean;8BB4CE
8035D;8035d seaquest;8035D;Seaquest;628BA1
8036N;8036n undersea blue;8036N;Undersea Blue;3B5C6F
8040W;8040w ice cavern;8040W;Ice Cavern;F4FFFC
8041W;8041w polar blue;8041W;Polar Blue;D6EEF8
8042W;8042w sweeping blue;8042W;Sweeping Blue;B5D8EB
8043M;8043m beaux blue;8043M;Beaux Blue;9FC3D3
8044M;8044m dutch aqua;8044M;Dutch Aqua;87ABBE
8045D;8045d ocean depths;8045D;Ocean Depths;588193
8046N;8046n mutiny;8046N;Mutiny;3D5B66
8050W;8050w zenith blue;8050W;Zenith Blue;EDF9F5
8051W;8051w seadrifter;8051W;Seadrifter;DCE8E8
8052W;8052w west keys;8052W;West Keys;B6D5D8
8053M;8053m sea view;8053M;Sea View;9AC1C8
8054M;8054m ocean grove;8054M;Ocean Grove;85ADB5
8055D;8055d poseidon;8055D;Poseidon;55868B
8056N;8056n lost atlantis;8056N;Lost Atlantis;3F6067
8060W;8060w retreat;8060W;Retreat;EBFBFA
8061W;8061w noonday tide;8061W;Noonday Tide;E1F0F5
8062W;8062w sea silence;8062W;Sea Silence;BEDFE4
8063M;8063m wayward wind;8063M;Wayward Wind;9DC8CF
8064M;8064m cape barran;8064M;Cape Barran;89B4BB
8065D;8065d aqualogic;8065D;Aqualogic;568688
8066A;8066a abyss;8066A;Abyss;426567
8070W;8070w bermuda shoal;8070W;Bermuda Shoal;F0FFFA
8071W;8071w cool aqua;8071W;Cool Aqua;DAEFF2
8072W;8072w scuba;8072W;Scuba;BBE1E2
8073M;8073m seabeck;8073M;Seabeck;99CBCC
8074M;8074m sea meadow;8074M;Sea Meadow;81B9BA
8075D;8075d aqua sea;8075D;Aqua Sea;568E8D
8076A;8076a deep teal;8076A;Deep Teal;406C6B
8080W;8080w dissolving blue;8080W;Dissolving Blue;FFFFFD
8081W;8081w blue bauble;8081W;Blue Bauble;E7EBEA
8082W;8082w alaskan jade;8082W;Alaskan Jade;C7E1DE
8083M;8083m blue ridge;8083M;Blue Ridge;A2C6C4
8084M;8084m kentucky grass;8084M;Kentucky Grass;89B1A9
8085D;8085d india green;8085D;India Green;5F877C
8086A;8086a green wharf;8086A;Green Wharf;4F6F64
8090W;8090w winter whisper;8090W;Winter Whisper;FCFDF8
8091W;8091w drifting green;8091W;Drifting Green;DDDFDA
8092W;8092w cool comfort;8092W;Cool Comfort;C8D1CC
8093W;8093w teal suede;8093W;Teal Suede;B4C5BF
8094M;8094m himalaya;8094M;Himalaya;97AEA6
8095D;8095d cool forest;8095D;Cool Forest;6E8A7E
8096N;8096n bering green;8096N;Bering Green;556C62
8100W;8100w micro mint;8100W;Micro Mint;F7FCF8
8101W;8101w green sprinkle;8101W;Green Sprinkle;E5ECEA
8102W;8102w green sweeps;8102W;Green Sweeps;CDE0DD
8103W;8103w sweet grass;8103W;Sweet Grass;B2D1CB
8104M;8104m green plaza;8104M;Green Plaza;95BBB3
8105D;8105d acanthus leaf;8105D;Acanthus Leaf;6C9489
8106N;8106n caulfield green;8106N;Caulfield Green;4D685F
8110W;8110w gentle rain;8110W;Gentle Rain;F7F9F4
8111W;8111w shy green;8111W;Shy Green;D9ECE6
8112W;8112w green mist;8112W;Green Mist;C5E0D9
8113M;8113m fragrant spruce;8113M;Fragrant Spruce;A1CBBD
8114M;8114m vineleaf;8114M;Vineleaf;86B9AA
8115D;8115d ivy wreath;8115D;Ivy Wreath;60967F
8116N;8116n casino green;8116N;Casino Green;486B57
8120W;8120w frosted pine;8120W;Frosted Pine;FEFFFA
8121W;8121w garden herb;8121W;Garden Herb;DFECE2
8122W;8122w light jade;8122W;Light Jade;D1E6D7
8123W;8123w chapparel pea;8123W;Chapparel Pea;A9CAB7
8124M;8124m green terrace;8124M;Green Terrace;8CB49A
8125D;8125d water hawthorne;8125D;Water Hawthorne;678F74
8126N;8126n racing green;8126N;Racing Green;4B6750
8130W;8130w morning dew;8130W;Morning Dew;FDF6E6
8131W;8131w night hush;8131W;Night Hush;E1E0CE
8132W;8132w lunar green;8132W;Lunar Green;CACDBC
8133W;8133w green knoll;8133W;Green Knoll;BAC6B0
8134M;8134m glenhaven;8134M;Glenhaven;9AAE95
8135D;8135d hollyhock;8135D;Hollyhock;799074
8136N;8136n shaded moss;8136N;Shaded Moss;58684E
8140W;8140w misted pollen;8140W;Misted Pollen;FEFBEC
8141W;8141w aviary;8141W;Aviary;EFE8D5
8142W;8142w bermuda grass;8142W;Bermuda Grass;DCDCC4
8143M;8143m grazing field;8143M;Grazing Field;CCD0B5
8144M;8144m revere green;8144M;Revere Green;B4BDA0
8145D;8145d green acre;8145D;Green Acre;889A74
8146N;8146n green gables;8146N;Green Gables;606D4F
8150W;8150w scrimshaw;8150W;Scrimshaw;FFF7E6
8151W;8151w cut hay;8151W;Cut Hay;F2EAD5
8152W;8152w rock cress;8152W;Rock Cress;E5DBC5
8153M;8153m hiking path;8153M;Hiking Path;D3CCAF
8154M;8154m marshland;8154M;Marshland;C2BD9F
8155D;8155d ozark green;8155D;Ozark Green;919673
8156N;8156n florida palm;8156N;Florida Palm;686D4D
8160W;8160w white leek;8160W;White Leek;FDF2E0
8161W;8161w sulphur springs;8161W;Sulphur Springs;F1E4D1
8162W;8162w omar;8162W;Omar;E6DAC7
8163W;8163w olive branch;8163W;Olive Branch;D5C7AC
8164M;8164m gumleaf;8164M;Gumleaf;B6AF92
8165D;8165d antique pine;8165D;Antique Pine;938C6F
8166N;8166n hawthorne valley;8166N;Hawthorne Valley;686651
8170W;8170w owl wing;8170W;Owl Wing;FFF1E4
8171W;8171w olive fog;8171W;Olive Fog;E7D5C7
8172W;8172w shire fields;8172W;Shire Fields;DCC9B8
8173M;8173m herbivore;8173M;Herbivore;CCBBA7
8174M;8174m fenland;8174M;Fenland;B4A892
8175D;8175d wild grasses;8175D;Wild Grasses;928670
8176N;8176n pinon green;8176N;Pinon Green;645D4B
8180W;8180w almond white;8180W;Almond White;FFF3E7
8181W;8181w maison blanche;8181W;Maison Blanche;EDDACB
8182W;8182w candlebark;8182W;Candlebark;E5E0BF
8183M;8183m saltbush;8183M;Saltbush;DAC8B4
8184M;8184m moselle;8184M;Moselle;CA2B197
8185D;8185d ardmore green;8185D;Ardmore Green;96886E
8186N;8186n scrubgum green;8186N;Scrubgum Green;6F624F
8190W;8190w impressive ivory;8190W;Impressive Ivory;FFF5E7
8191W;8191w madonna lily;8191W;Madonna Lily;F2DDCA
8192W;8192w graceful gold;8192W;Graceful Gold;E8D0B6
8193M;8193m winter garden;8193M;Winter Garden;DFC5AC
8194M;8194m capertree;8194M;Capertree;CCB999
8195D;8195d eddystone;8195D;Eddystone;A19370
8196N;8196n wood sorrel;8196N;Wood Sorrel;7A6C4D
8200W;8200w bleached sand;8200W;Bleached Sand;FEF1DE
8201W;8201w burma buff;8201W;Burma Buff;FEE6CE
8202W;8202w coast pointe;8202W;Coast Pointe;EED6BC
8203M;8203m gobi beige;8203M;Gobi Beige;E4CBAC
8204M;8204m spice bounty;8204M;Spice Bounty;C7B090
8205D;8205d brass bucket;8205D;Brass Bucket;A6906B
8206N;8206n tarrytown;8206N;Tarrytown;8A7351
8210W;8210w whispering birch;8210W;Whispering Birch;FFF8ED
8211W;8211w sandy lane;8211W;Sandy Lane;FBDFC9
8212W;8212w millet;8212W;Millet;EDD2B7
8213M;8213m plantation beige;8213M;Plantation Beige;E2C7A9
8214M;8214m tobacco road;8214M;Tobacco Road;CBB092
8215D;8215d tattersall brown;8215D;Tattersall Brown;B29B79
8216N;8216n dried tobacco;8216N;Dried Tobacco;88744F
8220W;8220w hayseed;8220W;Hayseed;FFF1E6
8221W;8221w botany beige;8221W;Botany Beige;FAE0D1
8222W;8222w desert fawn;8222W;Desert Fawn;F2D6CA
8223M;8223m sienna sand;8223M;Sienna Sand;E5C7AF
8224M;8224m balsam bark;8224M;Balsam Bark;C0A88C
8225D;8225d autumn wheat;8225D;Autumn Wheat;A28A70
8226N;8226n october oak;8226N;October Oak;876F53
8230W;8230w sunbaked sand;8230W;Sunbaked Sand;FFF5EB
8231W;8231w sawyer's fence;8231W;Sawyer's Fence;F8DCD0
8232W;8232w lulled beige;8232W;Lulled Beige;EDD0C0
8233M;8233m crisp khaki;8233M;Crisp Khaki;DBBDA5
8234M;8234m daplin;8234M;Daplin;CAAC94
8235D;8235d brush box;8235D;Brush Box;A4866C
8236N;8236n gumnut;8236N;Gumnut;886A52
8240W;8240w windrift;8240W;Windrift;FFF8EB
8241W;8241w tenderfoot;8241W;Tenderfoot;FBDBCC
8242W;8242w northern plains;8242W;Northern Plains;ECC8B2
8243M;8243m amber waves;8243M;Amber Waves;D7B49E
8244D;8244d copper springs;8244D;Copper Springs;BA957A
8245A;8245a ochre rust;8245A;Ochre Rust;967357
8246N;8246n queensland walnut;8246N;Queensland Walnut;856246
8250W;8250w ivory sampler;8250W;Ivory Sampler;FFEFE2
8251W;8251w plaza buff;8251W;Plaza Buff;F5D5C8
8252W;8252w strata light;8252W;Strata Light;E7C4B1
8253M;8253m swept plains;8253M;Swept Plains;D3B09D
8254M;8254m cinnamon spice;8254M;Cinnamon Spice;BE9A84
8255D;8255d jamocha;8255D;Jamocha;A07C66
8256N;8256n sweet earth;8256N;Sweet Earth;835F49
8260W;8260w pavilion;8260W;Pavilion;FFE9DC
8261W;8261w traditional tan;8261W;Traditional Tan;F9D9CE
8262W;8262w peanut shell;8262W;Peanut Shell;F0CBB8
8263M;8263m deerfield;8263M;Deerfield;D4AE9B
8264D;8264d tucson clay;8264D;Tucson Clay;BE997F
8265A;8265a basque brown;8265A;Basque Brown;A0765E
8266N;8266n brazilian brown;8266N;Brazilian Brown;85614B
8270W;8270w renoir bisque;8270W;Renoir Bisque;FEEBE4
8271W;8271w palacio;8271W;Palacio;FDD7CE
8272W;8272w la mesa;8272W;La Mesa;EFC9BC
8273M;8273m spiced cognac;8273M;Spiced Cognac;D9ADA2
8274M;8274m festoon;8274M;Festoon;C39585
8275D;8275d round-up;8275D;Round-up;A37663
8276A;8276a mesquite canyon;8276A;Mesquite Canyon;956654
8280W;8280w sand motif;8280W;Sand Motif;fff4f0
8281W;8281w pink mocha;8281W;Pink Mocha;fddcd3
8282W;8282w nutmeat;8282W;Nutmeat;f0cbc2
8283W;8283w indian painting;8283W;Indian Painting;CEACA0
8284D;8284d falling leaf;8284D;Falling Leaf;AA8774
8285A;8285a monk's hood;8285A;Monk's Hood;8B6558
8286N;8286n burntside;8286N;Burntside;745344
8290W;8290w water chestnut;8290W;Water Chestnut;FFECE6
8291W;8291w mallow;8291W;Mallow;F7D9D1
8292W;8292w coral brown;8292W;Coral Brown;DCBAAE
8293M;8293m clove dust;8293M;Clove Dust;C9A99E
8294M;8294m red dust;8294M;Red Dust;B08B82
8295D;8295d copper nail;8295D;Copper Nail;926E62
8296N;8296n treasure chest;8296N;Treasure Chest;6E5046
8300W;8300w nomadic ivory;8300W;Nomadic Ivory;FDE9E2
8301W;8301w bedouin beige;8301W;Bedouin Beige;F1DDD6
8302W;8302w mineral mauve;8302W;Mineral Mauve;E8CDC6
8303W;8303w lapstone;8303W;Lapstone;CBB049
8304M;8304m washed suede;8304M;Washed Suede;AD9287
8305D;8305d jericho brown;8305D;Jericho Brown;8A6C62
8306N;8306n alcazar brown;8306N;Alcazar Brown;6B574C
8310W;8310w pink reed;8310W;Pink Reed;FCE1DA
8311W;8311w ambient sound;8311W;Ambient Sound;EDD6D0
8312W;8312w misted beige;8312W;Misted Beige;E0C3BF
8313M;8313m cast pebble;8313M;Cast Pebble;C3A7A3
8314M;8314m slivered bark;8314M;Slivered Bark;AD928B
8315D;8315d ravenwood;8315D;Ravenwood;806961
8316N;8316n black burgundy;8316N;Black Burgundy;645049
8320W;8320w thin pink;8320W;Thin Pink;FFF2EF
8321W;8321w quiet alcove;8321W;Quiet Alcove;F8D7D0
8322W;8322w auburn sand;8322W;Auburn Sand;E6C4BE
8323M;8323m pancho brown;8323M;Pancho Brown;C6A59E
8324M;8324m smooth brown;8324M;Smooth Brown;AA8781
8325D;8325d timber tan;8325D;Timber Tan;8B665E
8326N;8326n brick shadow;8326N;Brick Shadow;6D4C43
8330W;8330w sachet rose;8330W;Sachet Rose;FEEAE3
8331W;8331w mauve blush;8331W;Mauve Blush;FED0C9
8332W;8332w spice beige;8332W;Spice Beige;E5C0B7
8333M;8333m incense;8333M;Incense;CDA99E
8334M;8334m taupe rose;8334M;Taupe Rose;BA928A
8335D;8335d terrawood;8335D;Terrawood;9B6F66
8336N;8336n bavarian chalet;8336N;Bavarian Chalet;7A514A
8340W;8340w pale coral;8340W;Pale Coral;FFF0ED
8341W;8341w prairie tan;8341W;Prairie Tan;F7D4CE
8342W;8342w sanibel sunset;8342W;Sanibel Sunset;E7BEBA
8343M;8343m condo coral;8343M;Condo Coral;CCA09A
8344M;8344m sante fe brown;8344M;Sante Fe Brown;B78880
8345D;8345d western cedar;8345D;Western Cedar;946761
8346N;8346n taiga;8346N;Taiga;754F46
8350W;8350w miami sand;8350W;Miami Sand;FFE4E0
8351W;8351w tan blush;8351W;Tan Blush;FED9D3
8352W;8352w beaux beige;8352W;Beaux Beige;F1C3C0
8353M;8353m fire haze;8353M;Fire Haze;D8A9A3
8354M;8354m parched earth;8354M;Parched Earth;C59189
8355D;8355d burnt copper;8355D;Burnt Copper;A46E62
8356N;8356n mackay cedar;8356N;Mackay Cedar;805046
8360W;8360w bubble bath;8360W;Bubble Bath;FFEAE5
8361W;8361w baby bouquet;8361W;Baby Bouquet;FAD4D1
8362W;8362w franciscan pink;8362W;Franciscan Pink;E7BEBC
8363M;8363m cinnabar;8363M;Cinnabar;C89F9B
8364M;8364m olde town;8364M;Olde Town;B58680
8365D;8365d colonial brown;8365D;Colonial Brown;8F6058
8366N;8366n heartwood;8366N;Heartwood;74483F
8370W;8370w novette;8370W;Novette;FFEBEA
8371W;8371w ancient pink;8371W;Ancient Pink;F1CDCD
8372W;8372w cinnaswirl;8372W;Cinnaswirl;E6B8BA
8373M;8373m norman rose;8373M;Norman Rose;CFA1A3
8374M;8374m forest berry;8374M;Forest Berry;B78588
8375D;8375d ruby river;8375D;Ruby River;986665
8376N;8376n deep henna;8376N;Deep Henna;764848
8380W;8380w pink shadow;8380W;Pink Shadow;FFECEB
8381W;8381w rosewater;8381W;Rosewater;F6D4D3
8382W;8382w victorian heath;8382W;Victorian Heath;E9C2C3
8383M;8383m melodious mauve;8383M;Melodious Mauve;D6AFB4
8384M;8384m broadmoor rose;8384M;Broadmoor Rose;B98F91
8385D;8385d brick rose;8385D;Brick Rose;9D6F71
8386N;8386n winestain;8386N;Winestain;77524C
8390W;8390w rose pearl;8390W;Rose Pearl;FFFBFA
8391W;8391w fragile pink;8391W;Fragile Pink;FAD7DD
8392W;8392w fetching pink;8392W;Fetching Pink;EBC6CE
8393M;8393m rose areys;8393M;Rose Areys;D5A5B1
8394M;8394m montrose;8394M;Montrose;C4919A
8395D;8395d monterey rose;8395D;Monterey Rose;99676A
8396N;8396n cedar rose;8396N;Cedar Rose;724947
8400W;8400w sunset snow;8400W;Sunset Snow;FFE8EE
8401W;8401w strawberry cream;8401W;Strawberry Cream;FFE0EB
8402W;8402w pinkwater;8402W;Pinkwater;F7CCD6
8403M;8403m moon rose;8403M;Moon Rose;E4AEBB
8404M;8404m wine cordial;8404M;Wine Cordial;CF91A0
8405D;8405d red valerian;8405D;Red Valerian;AB6B74
8406N;8406n red jarrah;8406N;Red Jarrah;824A4D
8410W;8410w pink gown;8410W;Pink Gown;FFF3F3
8411W;8411w debutante pink;8411W;Debutante Pink;F4D7DC
8412W;8412w satin lining;8412W;Satin Lining;E6C2CE
8413M;8413m marjory phlox;8413M;Marjory Phlox;C495A7
8414M;8414m wineberry;8414M;Wineberry;C695A8
8415D;8415d rich plum;8415D;Rich Plum;996E7F
8416N;8416n royal garnet;8416N;Royal Garnet;694247
8420W;8420w tranquility;8420W;Tranquility;F5EFEF
8421W;8421w meadow sweet;8421W;Meadow Sweet;F2DEE9
8422W;8422w violet fluff;8422W;Violet Fluff;E7D0E2
8423M;8423m fading amethyst;8423M;Fading Amethyst;D5B9D0
8424M;8424m viola satin;8424M;Viola Satin;C3A3BB
8425D;8425d exotic bloom;8425D;Exotic Bloom;97778F
8426N;8426n purple empire;8426N;Purple Empire;574650
8430W;8430w plum light;8430W;Plum Light;FDF7F7
8431W;8431w dusted violet;8431W;Dusted Violet;F6E6EC
8432W;8432w odyssey orchid;8432W;Odyssey Orchid;E8D4DD
8433M;8433m plum vine;8433M;Plum Vine;D0B9CD
8434M;8434m moss phlox;8434M;Moss Phlox;BBA4B8
8435D;8435d blackberry wine;8435D;Blackberry Wine;957685
8436N;8436n abundant wine;8436N;Abundant Wine;57444A
8440W;8440w first light;8440W;First Light;F3F1F2
8441W;8441w purple pearl;8441W;Purple Pearl;E7E2E8
8442W;8442w moon violet;8442W;Moon Violet;D2CFD6
8443M;8443m tribute;8443M;Tribute;B9B7C5
8444M;8444m illusive lilac;8444M;Illusive Lilac;9B9AAC
8445D;8445d violet kohl;8445D;Violet Kohl;777684
8446N;8446n purple fable;8446N;Purple Fable;4F4F5B
8450W;8450w twi-night;8450W;Twi-night;EBE9EA
8451W;8451w violet dimensions;8451W;Violet Dimensions;D9D7DC
8452W;8452w aragon violet;8452W;Aragon Violet;C9C6CD
8453W;8453w cinder grey;8453W;Cinder Grey;BAB9C7
8454M;8454m smoky mountain;8454M;Smoky Mountain;9A9CAB
8455D;8455d old amethyst;8455D;Old Amethyst;717581
8456A;8456a odyssey blue;8456A;Odyssey Blue;505460
8460W;8460w violet cherub;8460W;Violet Cherub;F0EFF4
8461W;8461w soft ballad;8461W;Soft Ballad;E6E6F0
8462W;8462w brushed blue;8462W;Brushed Blue;CFD4E8
8463M;8463m moonless morn;8463M;Moonless Morn;B4C0DA
8464M;8464m paris evening;8464M;Paris Evening;97A2BE
8465D;8465d indigo violet;8465D;Indigo Violet;707998
8466N;8466n night magic;8466N;Night Magic;515872
8470W;8470w diamond minuet;8470W;Diamond Minuet;F2F3F5
8471W;8471w silk whisper;8471W;Silk Whisper;E2E6ED
8472W;8472w handsome blue;8472W;Handsome Blue;CDD9E9
8473M;8473m toccata;8473M;Toccata;B0BDCE
8474M;8474m autumn evening;8474M;Autumn Evening;95A7BD
8475D;8475d cavalier;8475D;Cavalier;6D7C8F
8476N;8476n symphony blue;8476N;Symphony Blue;485566
8480W;8480w fluid blue;8480W;Fluid Blue;F4F5F7
8481W;8481w lingering blue;8481W;Lingering Blue;E3E9F5
8482W;8482w blue visage;8482W;Blue Visage;CEDBEC
8483M;8483m antioch blue;8483M;Antioch Blue;B0C0D7
8484M;8484m huckleberry;8484M;Huckleberry;9BABC4
8485D;8485d napoleï¿½n;8485D;Napoleon;6E7E97
8486N;8486n beethoven blue;8486N;Beethoven Blue;495A70
8490W;8490w divine;8490W;Divine;F8F8F8
8491W;8491w domicile blue;8491W;Domicile Blue;DFE0E2
8492W;8492w young cadet;8492W;Young Cadet;C2CCD5
8493M;8493m endicott bay;8493M;Endicott Bay;A1B4C3
8494M;8494m rebel blue;8494M;Rebel Blue;8DA3B4
8495D;8495d twain blue;8495D;Twain Blue;607785
8496A;8496a dark quest;8496A;Dark Quest;455867
8500W;8500w windstar;8500W;Windstar;F7F8F3
8501W;8501w blue frost;8501W;Blue Frost;E4E5E9
8502W;8502w dawn wonder;8502W;Dawn Wonder;CAD4DE
8503M;8503m faded jeans;8503M;Faded Jeans;A9BACA
8504M;8504m pottery blue;8504M;Pottery Blue;92A3B5
8505D;8505d bluecoat;8505D;Bluecoat;667A87
8506A;8506a valley forge blue;8506A;Valley Forge Blue;485A66
8510W;8510w clean vapor;8510W;Clean Vapor;F9F9F7
8511W;8511w snowcloud;8511W;Snowcloud;E2E1E4
8512W;8512w hidden brook;8512W;Hidden Brook;D1D2D7
8513M;8513m still creek;8513M;Still Creek;ACB6C2
8514M;8514m grey blue;8514M;Grey Blue;97A3AF
8515D;8515d thunder gray;8515D;Thunder Gray;66737C
8516A;8516a temptress;8516A;Temptress;47545D
8520W;8520w glamour gray;8520W;Glamour Gray;F3F2F0
8521W;8521w halation;8521W;Halation;EAE6E5
8522W;8522w gray dignity;8522W;Gray Dignity;D2D0D1
8523M;8523m downing slate;8523M;Downing Slate;B3B2B7
8524M;8524m vanderbilt gray;8524M;Vanderbilt Gray;989BA4
8525D;8525d rock garden;8525D;Rock Garden;6B6E73
8526A;8526a dark colossus;8526A;Dark Colossus;4C4F54
8530W;8530w blizzard white;8530W;Blizzard White;EDEDEB
8531W;8531w lombardy mist;8531W;Lombardy Mist;E3DFDE
8532W;8532w light showers;8532W;Light Showers;C4C2C3
8533M;8533m summer fog;8533M;Summer Fog;B1AFB0
8534M;8534m solid gray;8534M;Solid Gray;989C9F
8535D;8535d wayfarer gray;8535D;Wayfarer Gray;6D7174
8536N;8536n blackmar;8536N;Blackmar;484B4C
8540W;8540w windstream;8540W;Windstream;F0F0EE
8541W;8541w minimal gray;8541W;Minimal Gray;E5E3E4
8542W;8542w lido bay;8542W;Lido Bay;CDCCD1
8543M;8543m frosted denim;8543M;Frosted Denim;ADB0B5
8544M;8544m blue comet;8544M;Blue Comet;969DA7
8545D;8545d quasar blue;8545D;Quasar Blue;656C74
8546N;8546n sable night;8546N;Sable Night;454A4E
8550W;8550w refined blue;8550W;Refined Blue;EEEDEB
8551W;8551w crackling blue;8551W;Crackling Blue;E1E1E2
8552W;8552w blue of january;8552W;Blue Of January;CFD0D4
8553M;8553m myth gray;8553M;Myth Gray;ADB4BE
8554M;8554m rising smoke;8554M;Rising Smoke;93A1AA
8555D;8555d alden charcoal;8555D;Alden Charcoal;647179
8556A;8556a peking blue;8556A;Peking Blue;455459
8560W;8560w moon river;8560W;Moon River;FCFDF8
8561W;8561w blue emblem;8561W;Blue Emblem;E5E7E6
8562W;8562w impressionist sky;8562W;Impressionist Sky;D2D7DB
8563M;8563m gorse blue;8563M;Gorse Blue;A8B9C1
8564M;8564m old blue sea;8564M;Old Blue Sea;8FA3AA
8565D;8565d winter sea;8565D;Winter Sea;66797D
8566N;8566n night sail;8566N;Night Sail;3F5151
8570W;8570w aqua pura;8570W;Aqua Pura;F5F6F1
8571W;8571w rushing river;8571W;Rushing River;DEDDD9
8572W;8572w san fran fog;8572W;San Fran Fog;C7C9C8
8573M;8573m snug harbor;8573M;Snug Harbor;ACB2B2
8574M;8574m fog buoy;8574M;Fog Buoy;8FA2A0
8575D;8575d bay bridge;8575D;Bay Bridge;697878
8576N;8576n briny deep;8576N;Briny Deep;485857
8580W;8580w gray etching;8580W;Gray Etching;F0EFEB
8581W;8581w designer gray;8581W;Designer Gray;E4E3E1
8582W;8582w terrazzo gray;8582W;Terrazzo Gray;D5D4D0
8583W;8583w gray nuance;8583W;Gray Nuance;C2C2C0
8584M;8584m grey expectations;8584M;Grey Expectations;A0A6A4
8585D;8585d smokebush;8585D;Smokebush;767B77
8586A;8586a metropolis;8586A;Metropolis;54605C
8590W;8590w seed pearl;8590W;Seed Pearl;FCFDF8
8591W;8591w salt water;8591W;Salt Water;E1E3E0
8592W;8592w seahawk;8592W;Seahawk;CDD1D0
8593M;8593m bayou waters;8593M;Bayou Waters;B9C2BF
8594M;8594m mystic green;8594M;Mystic Green;95A8A2
8595D;8595d elm court;8595D;Elm Court;6E7F79
8596N;8596n olympic pine;8596N;Olympic Pine;43534E
8600W;8600w glass block;8600W;Glass Block;F5F4F0
8601W;8601w metropolitan gray;8601W;Metropolitan Gray;E9E8E3
8602W;8602w green granule;8602W;Green Granule;D7D8D3
8603M;8603m gray nut;8603M;Gray Nut;BDBEB9
8604M;8604m victoria falls;8604M;Victoria Falls;A3ADA3
8605D;8605d english pine;8605D;English Pine;747E76
8606N;8606n spruce island;8606N;Spruce Island;454F47
8610W;8610w garden light;8610W;Garden Light;EFEEE9
8611W;8611w rainforest dew;8611W;Rainforest Dew;DBDAD5
8612W;8612w silver sage;8612W;Silver Sage;D0CFCA
8613M;8613m shenandoah;8613M;Shenandoah;B8BAB5
8614M;8614m shade tree;8614M;Shade Tree;A3A8A1
8615D;8615d peppercorn;8615D;Peppercorn;778578
8616N;8616n clermont green;8616N;Clermont Green;4F5C52
8620W;8620w limpet shell;8620W;Limpet Shell;EFEEEC
8621W;8621w chromox green;8621W;Chromox Green;E5E4E0
8622W;8622w lunar stone;8622W;Lunar Stone;DEDDD9
8623M;8623m silent path;8623M;Silent Path;BBBCB7
8624M;8624m steeple gray;8624M;Steeple Gray;AAABA6
8625D;8625d shipyard;8625D;Shipyard;7E7F79
8626N;8626n wilderness green;8626N;Wilderness Green;565952
8630W;8630w prism white;8630W;Prism White;F7F3F0
8631W;8631w european gray;8631W;European Gray;E9E5E2
8632W;8632w timeless gray;8632W;Timeless Gray;DCD8D5
8633W;8633w smoky candle;8633W;Smoky Candle;CCC8C5
8634M;8634m dusty miller;8634M;Dusty Miller;ABAAA6
8635D;8635d mansard stone;8635D;Mansard Stone;807F7A
8636N;8636n old porch;8636N;Old Porch;545550
8640W;8640w creative white;8640W;Creative White;EFEAE6
8641W;8641w tradewind;8641W;Tradewind;E2DDD9
8642W;8642w foggy london;8642W;Foggy London;D8D3CF
8643M;8643m tram gray;8643M;Tram Gray;C0BDB8
8644M;8644m seal beach;8644M;Seal Beach;A7A49D
8645D;8645d greylock;8645D;Greylock;7F7F73
8646N;8646n blackened beam;8646N;Blackened Beam;5A5A50
8650W;8650w paraffin;8650W;Paraffin;EBE6E2
8651W;8651w canvasback;8651W;Canvasback;E2D9D4
8652W;8652w whippoorwill;8652W;Whippoorwill;D5CCC3
8653M;8653m stone lion;8653M;Stone Lion;C2BAAD
8654M;8654m elkhorn cactus;8654M;Elkhorn Cactus;ACA89C
8655D;8655d pinedale;8655D;Pinedale;858175
8656N;8656n greek olive;8656N;Greek Olive;5F5D50
8660W;8660w grecian ivory;8660W;Grecian Ivory;ECE7E3
8661W;8661w light almond;8661W;Light Almond;E1DED9
8662W;8662w jogging path;8662W;Jogging Path;DDD3D1
8663W;8663w rugged trail;8663W;Rugged Trail;C8C4B9
8664M;8664m backpack;8664M;Backpack;B3ABA0
8665D;8665d gristmill;8665D;Gristmill;897F73
8666N;8666n potting shed;8666N;Potting Shed;60584D
8670W;8670w walrus tusk;8670W;Walrus Tusk;F1E9DE
8671W;8671w burbury beige;8671W;Burbury Beige;F3E3D6
8672W;8672w tequila;8672W;Tequila;E6D8CB
8673M;8673m tavern taupe;8673M;Tavern Taupe;CFBCAD
8674M;8674m muddy river;8674M;Muddy River;C0AD9E
8675D;8675d wooden oar;8675D;Wooden Oar;938272
8676N;8676n turned earth;8676N;Turned Earth;6D6050
8680W;8680w aria ivory;8680W;Aria Ivory;FDF3F1
8681W;8681w artist's canvas;8681W;Artist's Canvas;F7E9DE
8682W;8682w estate greige;8682W;Estate Greige;EBD9CD
8683W;8683w tinderbox;8683W;Tinderbox;D8C6B8
8684M;8684m oak flats;8684M;Oak Flats;BBA899
8685D;8685d woodlet;8685D;Woodlet;91806E
8686N;8686n northwest trail;8686N;Northwest Trail;6B5E4D
8690W;8690w snow ballet;8690W;Snow Ballet;FEF7F1
8691W;8691w city loft;8691W;City Loft;EEDDD3
8692W;8692w bauhaus buff;8692W;Bauhaus Buff;DDCCC2
8693M;8693m stucco greige;8693M;Stucco Greige;C6B4A8
8694M;8694m wood cut;8694M;Wood Cut;B2A295
8695D;8695d thatch roof;8695D;Thatch Roof;8D7D70
8696N;8696n twisted branch;8696N;Twisted Branch;62584E
8700W;8700w powdering snow;8700W;Powdering Snow;FEFBF6
8701W;8701w softly chiming;8701W;Softly Chiming;F1E7E5
8702W;8702w beige pediment;8702W;Beige Pediment;DED3D1
8703M;8703m rockbridge;8703M;Rockbridge;D2C1B7
8704D;8704d stratford brown;8704D;Stratford Brown;B8A89B
8705D;8705d barn rafter;8705D;Barn Rafter;8C7E73
8706N;8706n saddlebury;8706N;Saddlebury;675A51
8710W;8710w discovery;8710W;Discovery;F9F5F1
8711W;8711w misty mica;8711W;Misty Mica;EEE3E1
8712W;8712w mushroom basket;8712W;Mushroom Basket;E8D4CB
8713W;8713w kindling wood;8713W;Kindling Wood;D3C2B6
8714M;8714m wildcat;8714M;Wildcat;B8A69A
8715D;8715d moose point;8715D;Moose Point;8D7B6D
8716N;8716n western reserve;8716N;Western Reserve;62544B
8720W;8720w pongee tint;8720W;Pongee Tint;F0E2D9
8721W;8721w clay beige;8721W;Clay Beige;F4D8CC
8722W;8722w desert castle;8722W;Desert Castle;EED0C5
8723M;8723m desert tumbleweed;8723M;Desert Tumbleweed;DEC1B2
8724M;8724m meadowlark;8724M;Meadowlark;C7AC9B
8725A;8725a coach house;8725A;Coach House;907564
8726N;8726n mocha brown;8726N;Mocha Brown;725C4E
8730W;8730w loggia;8730W;Loggia;FBE9DF
8731W;8731w staghorn;8731W;Staghorn;EACEC2
8732W;8732w frontier tan;8732W;Frontier Tan;D8BBB0
8733M;8733m walnut wash;8733M;Walnut Wash;C7AD9E
8734M;8734m bark mulch;8734M;Bark Mulch;B19C8B
8735D;8735d wild country;8735D;Wild Country;927867
8736N;8736n little bighorn;8736N;Little Bighorn;766150
8740W;8740w barrister white;8740W;Barrister White;F8E2D7
8741W;8741w historic tan;8741W;Historic Tan;F1D4CC
8742W;8742w brickdust;8742W;Brickdust;E7C9BF
8743M;8743m polished oak;8743M;Polished Oak;C8ABA0
8744D;8744d sweetwood;8744D;Sweetwood;B4968B
8745A;8745a kayak brown;8745A;Kayak Brown;907267
8746N;8746n timber trail;8746N;Timber Trail;624C41
8750W;8750w swiss almond;8750W;Swiss Almond;F0E6E4
8751W;8751w alencon lace;8751W;Alencon Lace;E4D4D4
8752W;8752w stonehenge shadow;8752W;Stonehenge Shadow;DECAC5
8753M;8753m cornico beige;8753M;Cornico Beige;C7B0A8
8754D;8754d tomorrow's taupe;8754D;Tomorrow's Taupe;B09C91
8755A;8755a spicenut;8755A;Spicenut;877466
8756N;8756n cordwood;8756N;Cordwood;5E4D45
8760W;8760w gray ashlar;8760W;Gray Ashlar;F6F1EE
8761W;8761w kennet square;8761W;Kennet Square;EDE3E1
8762W;8762w touchstone;8762W;Touchstone;DDD2D0
8763M;8763m pewter works;8763M;Pewter Works;C8B4AD
8764M;8764m lava rock;8764M;Lava Rock;B1A39A
8765D;8765d beaver creek;8765D;Beaver Creek;7B7167
8766N;8766n caribou;8766N;Caribou;63554C
8770W;8770w silver slipper;8770W;Silver Slipper;F6F2EF
8771W;8771w silver shimmer;8771W;Silver Shimmer;E3D9D7
8772W;8772w siberian ice;8772W;Siberian Ice;D0CBC7
8773M;8773m dauphin gray;8773M;Dauphin Gray;B4AFAB
8774M;8774m tankard;8774M;Tankard;A19C98
8775D;8775d metal shavings;8775D;Metal Shavings;7C736E
8776N;8776n blacksmith;8776N;Blacksmith;524D4A
8780W;8780w crystal ball;8780W;Crystal Ball;FDF8F4
8781W;8781w silver chime;8781W;Silver Chime;ECE8E5
8782W;8782w sterling coin;8782W;Sterling Coin;DFDBDA
8783M;8783m stonewall;8783M;Stonewall;BDBCBA
8784D;8784d blackthorn;8784D;Blackthorn;9E9A99
8785A;8785a iron horse;8785A;Iron Horse;726E6B
8786N;8786n black finish;8786N;Black Finish;444442
8790W;8790w intercoastal gray;8790W;Intercoastal Gray;F2EDEA
8791W;8791w gray pennant;8791W;Gray Pennant;E5DFDD
8792W;8792w monorail silver;8792W;Monorail Silver;D6D1CB
8793M;8793m grey cliff;8793M;Grey Cliff;B2B0B1
8794M;8794m fired steel;8794M;Fired Steel;9E9C9D
8795D;8795d magnet;8795D;Magnet;726E6D
8796N;8796n black metal;8796N;Black Metal;424240
8800W;8800w portico;8800W;Portico;E2DDD9
8801W;8801w studio gray;8801W;Studio Gray;DBD5D5
8802W;8802w threshold gray;8802W;Threshold Gray;CFCAC7
8803M;8803m olde fashion;8803M;Olde Fashion;B7B3B2
8804M;8804m pavestone;8804M;Pavestone;A19C9B
8805D;8805d stonington;8805D;Stonington;76716D
8806N;8806n tudor house;8806N;Tudor House;534E4A
8810W;8810w silver seed;8810W;Silver Seed;E3DEDB
8811W;8811w daytona gray;8811W;Daytona Gray;DCD2D0
8812W;8812w deville;8812W;Deville;CAC3C0
8813W;8813w stone cistern;8813W;Stone Cistern;BDB3B1
8814M;8814m brindel;8814M;Brindel;A29696
8815D;8815d cultivated fields;8815D;Cultivated Fields;7E706D
8816N;8816n burnt hickory;8816N;Burnt Hickory;574C4A
8820W;8820w cassis ice;8820W;Cassis Ice;ECDDDA
8821W;8821w mogul mauve;8821W;Mogul Mauve;E6D8D7
8822W;8822w smoked glass;8822W;Smoked Glass;D8CAC9
8823W;8823w warm shadows;8823W;Warm Shadows;C6B8B8
8824M;8824m stone freize;8824M;Stone Freize;A79895
8825D;8825d jacaranda brown;8825D;Jacaranda Brown;7F706C
8826N;8826n manganese;8826N;Manganese;5F5049
8830W;8830w post modern white;8830W;Post Modern White;EADCDC
8831W;8831w bohemian tint;8831W;Bohemian Tint;E2D4D4
8832W;8832w hourglass;8832W;Hourglass;D9C7C7
8833M;8833m canberra;8833M;Canberra;BDABAB
8834M;8834m faux marble;8834M;Faux Marble;AA9697
8835D;8835d pawnee;8835D;Pawnee;7F6B64
8836A;8836a wagon wheel;8836A;Wagon Wheel;67544E
8840W;8840w rosevale;8840W;Rosevale;FFF2EF
8841W;8841w sugar blush;8841W;Sugar Blush;EEDAD9
8842W;8842w retro rose;8842W;Retro Rose;DDC8C7
8843M;8843m shallow root;8843M;Shallow Root;C1A9A9
8844M;8844m brown bark;8844M;Brown Bark;A79291
8845D;8845d colony brick;8845D;Colony Brick;7C6762
8846N;8846n bernard brown;8846N;Bernard Brown;ED4942
8850W;8850w blackberry ice;8850W;Blackberry Ice;F0E6E5
8851W;8851w motif mauve;8851W;Motif Mauve;E1D1D1
8852W;8852w medieval mauve;8852W;Medieval Mauve;CD8FBF
8853M;8853m grey heather;8853M;Grey Heather;B7A2A1
8854M;8854m drifting spirit;8854M;Drifting Spirit;A08C8D
8855D;8855d cranbrook;8855D;Cranbrook;776563
8856N;8856n badlands;8856N;Badlands;604C4B
8860W;8860w silver mink;8860W;Silver Mink;F8F3F0
8861W;8861w icon gray;8861W;Icon Gray;EBE5E5
8862W;8862w cliffside;8862W;Cliffside;E4DADB
8863M;8863m gray archive;8863M;Gray Archive;B3ADAD
8864D;8864d philosophical gray;8864D;Philosophical Gray;A09599
8865D;8865d zodiac gray;8865D;Zodiac Gray;8B7F81
8866A;8866a curtain call;8866A;Curtain Call;685C60
8870W;8870w fanlight;8870W;Fanlight;FFFEFA
8871W;8871w classical mauve;8871W;Classical Mauve;DFCCD2
8872W;8872w mauvedust;8872W;Mauvedust;DFCCD2
8873M;8873m sassy mauve;8873M;Sassy Mauve;C1ACB2
8874M;8874m plum illusion;8874M;Plum Illusion;B29CA4
8875D;8875d pigeon isle;8875D;Pigeon Isle;846B71
8876N;8876n spiced plum;8876N;Spiced Plum;5C4849
8880W;8880w bashful;8880W;Bashful;f3e0e2
8881W;8881w charlotte rose;8881W;Charlotte Rose;EBD5D8
8882W;8882w mauvelous;8882W;Mauvelous;E6C8D0
8883M;8883m country berry;8883M;Country Berry;CCABB6
8884M;8884m moonstone mauve;8884M;Moonstone Mauve;B3969B
8885D;8885d velvet maroon;8885D;Velvet Maroon;8C696D
8886N;8886n best burgundy;8886N;Best Burgundy;604345
8890W;8890w angel flutter;8890W;Angel Flutter;F0E7E8
8891W;8891w pinkish plum;8891W;Pinkish Plum;E6D6D9
8892W;8892w heather ashes;8892W;Heather Ashes;D9C6C8
8893M;8893m mauve silk;8893M;Mauve Silk;BEAEB1
8894M;8894m smoked mauve;8894M;Smoked Mauve;B09BA2
8895D;8895d aged plum;8895D;Aged Plum;836F71
8896N;8896n black bordeaux;8896N;Black Bordeaux;58484B
8900W;8900w lavender bouquet;8900W;Lavender Bouquet;F2ECEC
8901W;8901w lavender design;8901W;Lavender Design;EADAE4
8902W;8902w secret lilac;8902W;Secret Lilac;DACDD6
8903W;8903w violet villa;8903W;Violet Villa;CCBBCD
8904M;8904m lilac memento;8904M;Lilac Memento;AFA1B3
8905D;8905d glorious plum;8905D;Glorious Plum;867480
8906N;8906n purple honor;8906N;Purple Honor;554A52
8910W;8910w etude lilac;8910W;Etude Lilac;F0EAEA
8911W;8911w pale thistle;8911W;Pale Thistle;EBE0E6
8912W;8912w pale amethyst;8912W;Pale Amethyst;DFD4DC
8913W;8913w vogue violet;8913W;Vogue Violet;CCBECD
8914M;8914m grape harvest;8914M;Grape Harvest;ADA0B2
8915D;8915d crushed violets;8915D;Crushed Violets;7F7284
8916N;8916n purple vignette;8916N;Purple Vignette;524A57
AC073N;ac073n purple spectacle;AC073N;Purple Spectacle;51456B
AC074N;ac074n nocturne;AC074N;Nocturne;494367
AC075N;ac075n galaxy blue;AC075N;Galaxy Blue;414260
AC076N;ac076n harbour blue;AC076N;Harbour Blue;39467A
AC077N;ac077n rendevous blue;AC077N;Rendevous Blue;334063
AC078N;ac078n dark batik;AC078N;Dark Batik;3A415E
AC079N;ac079n blue brilliance;AC079N;Blue Brilliance;3866A1
AC080N;ac080n delphinium;AC080N;Delphinium;3C5484
AC081N;ac081n ship's ahoy;AC081N;Ship's Ahoy;3C4B74
AC082N;ac082n coastal shores;AC082N;Coastal Shores;39638D
AC083N;ac083n incan sapphire;AC083N;Incan Sapphire;394C74
AC084N;ac084n night navy;AC084N;Night Navy;3F4E65
AC085N;ac085n tropical surf;AC085N;Tropical Surf;3D788A
AC086N;ac086n teal edge;AC086N;Teal Edge;285A6C
AC087N;ac087n architectural teal;AC087N;Architectural Teal;30596B
AC088N;ac088n ocean reef;AC088N;Ocean Reef;2F7F72
AC089N;ac089n green luster;AC089N;Green Luster;23715B
AC090N;ac090n rainforest teal;AC090N;Rainforest Teal;295A57
AC091N;ac091n earthbound green;AC091N;Earthbound Green;314A46
AC092N;ac092n strong hunter;AC092N;Strong Hunter;2C4F48
AC093N;ac093n alligator;AC093N;Alligator;304443
AC094N;ac094n holiday green;AC094N;Holiday Green;275249
AC095N;ac095n green ideal;AC095N;Green Ideal;2C785C
AC096N;ac096n golfing green;AC096N;Golfing Green;30795B
AC097N;ac097n kryptonite;AC097N;Kryptonite;379847
AC098N;ac098n java green;AC098N;Java Green;2AA151
AC099N;ac099n dragonfly;AC099N;Dragonfly;158F54
AC100N;ac100n emeraude;AC100N;Emeraude;2E7650
AC101N;ac101n new meadow;AC101N;New Meadow;376646
AC102N;ac102n raintree;AC102N;Raintree;2B5847
AC103Y;ac103y sun coast;AC103Y;Sun Coast;FFC834
AC104Y;ac104y southern phoenix;AC104Y;Southern Phoenix;E4B038
AC105Y;ac105y sunbury;AC105Y;Sunbury;FFD438
AC106Y;ac106y el sol;AC106Y;El Sol;F5A83A
AC107Y;ac107y orange fiesta;AC107Y;Orange Fiesta;EF8E41
AC108Y;ac108y serengeti sun;AC108Y;Serengeti Sun;DE7349
AC109Y;ac109y mandarin melody;AC109Y;Mandarin Melody;EB604D
AC110N;ac110n fireking red;AC110N;Fireking Red;CA3D45
AC111R;ac111r arresting red;AC111R;Arresting Red;C33946
AC112N;ac112n firebush;AC112N;Firebush;B45553
AC113N;ac113n spiced rum;AC113N;Spiced Rum;9A4D45
AC114N;ac114n robust red;AC114N;Robust Red;693B3D
AC115N;ac115n tomatillo;AC115N;Tomatillo;A54547
AC116N;ac116n roasted pepper;AC116N;Roasted Pepper;8B3F42
AC117N;ac117n french red;AC117N;French Red;753E41
AC118R;ac118r red alert;AC118R;Red Alert;B9333E
AC119R;ac119r sizzling haute;AC119R;Sizzling Haute;A13034
AC120R;ac120r wright red;AC120R;Wright Red;A93D4A
AC121R;ac121r ruby red;AC121R;Ruby Red;AE3E4A
AC122N;ac122n watermelon crush;AC122N;Watermelon Crush;AE425A
AC123N;ac123n velvet rose;AC123N;Velvet Rose;993D4A
AC124N;ac124n shocking fuschia;AC124N;Shocking Fuschia;AB4167
AC125N;ac125n berry inspiration;AC125N;Berry Inspiration;9C3F5E
AC126N;ac126n new berry;AC126N;New Berry;98495F
AC127N;ac127n cherry rose;AC127N;Cherry Rose;8D4B55
AC128N;ac128n rich burgundy;AC128N;Rich Burgundy;7F414B
AC129N;ac129n pompadour;AC129N;Pompadour;6E474C
AC130N;ac130n rose bouquet;AC130N;Rose Bouquet;7E4A60
AC131N;ac131n cassis;AC131N;Cassis;714459
AC132N;ac132n purple opulence;AC132N;Purple Opulence;794762
AC133N;ac133n royal crest;AC133N;Royal Crest;794B70
AC134N;ac134n wild lilac;AC134N;Wild Lilac;735174
AC135N;ac135n purple elegance;AC135N;Purple Elegance;604057
AC136N;ac136n regal purple;AC136N;Regal Purple;493848
AC137N;ac137n plumberry;AC137N;Plumberry;554047
AC138N;ac138n plummit;AC138N;Plummit;4C3C46
AC139N;ac139n aubergine;AC139N;Aubergine;483B42
AC140N;ac140n mission brown;AC140N;Mission Brown;463C3A
AC141N;ac141n domino;AC141N;Domino;2E3336
AC142N;ac142n purple jazz;AC142N;Purple Jazz;353746
AC143N;ac143n night mission;AC143N;Night Mission;2F3B49
AC144N;ac144n black deco;AC144N;Black Deco;323335
7480W;7480w demure;7480W;Demure;FFF4F6
7481W;7481w violet dust;7481W;Violet Dust;F2E3F2
7482W;7482w early purple;7482W;Early Purple;E8D8F2
7483M;7483m violet petal;7483M;Violet Petal;C7B2D1
7484M;7484m wild iris;7484M;Wild Iris;AF96BD
7485D;7485d violet bouquet;7485D;Violet Bouquet;90769B
7486N;7486n prophetic purple;7486N;Prophetic Purple;6B5773
7490W;7490w faded lilac;7490W;Faded Lilac;F6F2F3
7491W;7491w lilac lace;7491W;Lilac Lace;E8DCEA
7492W;7492w lilac sachet;7492W;Lilac Sachet;D9CCDE
7493M;7493m pastoral purple;7493M;Pastoral Purple;BCB0D1
7494M;7494m monet's purple;7494M;Monet's Purple;AF9FC4
7495D;7495d princely purple;7495D;Princely Purple;8B7BA2
7496N;7496n ruling royalty;7496N;Ruling Royalty;5C4C71
7500W;7500w light lilac;7500W;Light Lilac;FBF7F8
7501W;7501w violet charm;7501W;Violet Charm;EDE7F3
7502W;7502w lyric iris;7502W;Lyric Iris;D9D4EB
7503M;7503m purple aster;7503M;Purple Aster;C2BBDA
7504M;7504m sparkling grape;7504M;Sparkling Grape;AFA4CC
7505D;7505d night shade;7505D;Night Shade;8C7AAA
7506N;7506n deep purple;7506N;Deep Purple;564E77
7510W;7510w snowlight;7510W;Snowlight;FCF8F8
7511W;7511w pastel periwinkle;7511W;Pastel Periwinkle;E7E9F8
7512W;7512w periwinkle promise;7512W;Periwinkle Promise;CBD2EF
7513W;7513w autumn blue;7513W;Autumn Blue;BAC0E4
7514M;7514m sedona shadow;7514M;Sedona Shadow;A0A1CF
7515D;7515d mysteria;7515D;Mysteria;8986B1
7516N;7516n pharaoh's blue;7516N;Pharaoh's Blue;565483
7520W;7520w blue dash;7520W;Blue Dash;FDFCFA
7521W;7521w river run blue;7521W;River Run Blue;E4EAF8
7522W;7522w fantasia blue;7522W;Fantasia Blue;CCDAF4
7523M;7523m blue hills;7523M;Blue Hills;A9B6D8
7524M;7524m wonder blue;7524M;Wonder Blue;96A5CE
7525D;7525d diva blue;7525D;Diva Blue;767FAA
7526N;7526n enchanted blue;7526N;Enchanted Blue;444E72
7530W;7530w frosted glass;7530W;Frosted Glass;F3F7FA
7531W;7531w milano blue;7531W;Milano Blue;DEE0EC
7532W;7532w botticelli blue;7532W;Botticelli Blue;C2D3ED
7533M;7533m magic blue;7533M;Magic Blue;ACC1DE
7534M;7534m toscana blue;7534M;Toscana Blue;8DA7CC
7535D;7535d cobalt blue;7535D;Cobalt Blue;6682B1
7536N;7536n deep space;7536N;Deep Space;425484
7540W;7540w snowdrop;7540W;Snowdrop;EAF1F9
7541W;7541w lovebird feather;7541W;Lovebird Feather;DAEBFD
7542W;7542w wishful blue;7542W;Wishful Blue;C4DEF7
7543M;7543m flaxflower;7543M;Flaxflower;A8C5E5
7544M;7544m fresh water;7544M;Fresh Water;92AED3
7545D;7545d norwegian blue;7545D;Norwegian Blue;6784B0
7546N;7546n baltic blue;7546N;Baltic Blue;465D80
7550W;7550w iceland blue;7550W;Iceland Blue;EEF6F9
7551W;7551w bunting blue;7551W;Bunting Blue;C2E3F7
7552W;7552w blue lady;7552W;Blue Lady;B9D7EF
7553M;7553m nautilus;7553M;Nautilus;A2C8DF
7554M;7554m castaway blue;7554M;Castaway Blue;88AFD0
7555D;7555d sea route;7555D;Sea Route;6184A2
7556A;7556a mariner;7556A;Mariner;4A6B8A
7560W;7560w ice crystal;7560W;Ice Crystal;E6F6F6
7561W;7561w blue current;7561W;Blue Current;CEEFF8
7562W;7562w crescent blue;7562W;Crescent Blue;B4D9E9
7563M;7563m low tide;7563M;Low Tide;9AC8D8
7564M;7564m blue seclusion;7564M;Blue Seclusion;85B2C5
7565D;7565d cove blue;7565D;Cove Blue;5B8A9C
7566A;7566a voyager blue;7566A;Voyager Blue;447184
7570W;7570w heaven scent;7570W;Heaven Scent;EEF7F6
7571W;7571w blue inlet;7571W;Blue Inlet;CAEBF0
7572W;7572w placid sea;7572W;Placid Sea;B6DDE4
7573M;7573m waterside;7573M;Waterside;90C6D0
7574M;7574m perry blue;7574M;Perry Blue;7EB8C3
7575D;7575d velvet teal;7575D;Velvet Teal;5B97A2
7576A;7576a aqueduct blue;7576A;Aqueduct Blue;3C7880
7580W;7580w mermaid tear;7580W;Mermaid Tear;E0F8FA
7581W;7581w clarity blue;7581W;Clarity Blue;CBF0F6
7582W;7582w aqua edge;7582W;Aqua Edge;B4E3E9
7583M;7583m aqua sweeps;7583M;Aqua Sweeps;98D3DB
7584M;7584m galleon;7584M;Galleon;7FBFC8
7585D;7585d sea fascination;7585D;Sea Fascination;57959B
7586A;7586a mighty main;7586A;Mighty Main;3A7778
7590W;7590w distant blue;7590W;Distant Blue;E8FCFA
7591W;7591w cruising blue;7591W;Cruising Blue;D0F3F5
7592W;7592w abstract aqua;7592W;Abstract Aqua;B9EAEE
7593M;7593m aquifer;7593M;Aquifer;9AD6D7
7594M;7594m etruscan blue;7594M;Etruscan Blue;7AC4C7
7595D;7595d sea sphinx;7595D;Sea Sphinx;539B98
7596A;7596a aqua dazzle;7596A;Aqua Dazzle;39817E
7600W;7600w cistern blue;7600W;Cistern Blue;EAFDFB
7601W;7601w smooth sailing;7601W;Smooth Sailing;CAF2F2
7602W;7602w sea lyric;7602W;Sea Lyric;B0E3E4
7603M;7603m bali hi;7603M;Bali Hi;99D4D2
7604M;7604m yama light;7604M;Yama Light;73B8B3
7605D;7605d turquoise mosaic;7605D;Turquoise Mosaic;53998F
7606A;7606a sea venture;7606A;Sea Venture;387E74
7610W;7610w poolside;7610W;Poolside;E7FEF6
7611W;7611w falling water;7611W;Falling Water;CCEDE6
7612W;7612w headwaters;7612W;Headwaters;B5DED6
7613M;7613m sea spray;7613M;Sea Spray;94CDC4
7614M;7614m sea quarry;7614M;Sea Quarry;7BC2B4
7615D;7615d sea queen;7615D;Sea Queen;579F8B
7616N;7616n ultra green;7616N;Ultra Green;387860
7620W;7620w opal green;7620W;Opal Green;F3FFFB
7621W;7621w filtered green;7621W;Filtered Green;D0FAEE
7622W;7622w chiffon mist;7622W;Chiffon Mist;BEEFDF
7623M;7623m spun green;7623M;Spun Green;A1DCC8
7624M;7624m porch view;7624M;Porch View;82CAB2
7625D;7625d maidenhair fern;7625D;Maidenhair Fern;60AA89
7626N;7626n irish juniper;7626N;Irish Juniper;3E7959
7630W;7630w dewmist;7630W;Dewmist;FFFFFF
7631W;7631w slender stem;7631W;Slender Stem;D2F5E1
7632W;7632w green pond;7632W;Green Pond;BCE7D3
7633M;7633m water cress;7633M;Water Cress;ACDDC0
7634M;7634m green summit;7634M;Green Summit;97D0AD
7635D;7635d artemis;7635D;Artemis;68A97E
7636N;7636n lush veranda;7636N;Lush Veranda;3B7A4D
7640W;7640w snowy pine;7640W;Snowy Pine;FEFEFC
7641W;7641w clover tip;7641W;Clover Tip;DFF6E6
7642W;7642w impatient green;7642W;Impatient Green;C1E4D0
7643M;7643m weeping willow;7643M;Weeping Willow;AFD2BC
7644M;7644m shaded green;7644M;Shaded Green;8FBC9F
7645D;7645d fairway;7645D;Fairway;6FA17E
7646N;7646n wild mint;7646N;Wild Mint;4A7853
7650W;7650w creamy cucumber;7650W;Creamy Cucumber;FCFDF7
7651W;7651w garden fragrance;7651W;Garden Fragrance;D7E6CF
7652W;7652w summer lullaby;7652W;Summer Lullaby;C1D7C0
7653M;7653m village green;7653M;Village Green;B2CCB1
7654M;7654m garland green;7654M;Garland Green;9BBA9B
7655D;7655d barbados green;7655D;Barbados Green;79A276
7656N;7656n dandelion green;7656N;Dandelion Green;547D55
7660W;7660w willow wind;7660W;Willow Wind;FEFEF2
7661W;7661w delicate vine;7661W;Delicate Vine;E3E9CF
7662W;7662w cypress garden;7662W;Cypress Garden;CCDFC3
7663M;7663m aspen meadows;7663M;Aspen Meadows;C2D7B8
7664M;7664m thin asparagus;7664M;Thin Asparagus;A7C19E
7665D;7665d aloe vera;7665D;Aloe Vera;84A578
7666N;7666n cactus pete;7666N;Cactus Pete;627F53
7670W;7670w minced onion;7670W;Minced Onion;FFFEEA
7671W;7671w boc choy;7671W;Boc Choy;EBEACB
7672W;7672w honeydew;7672W;Honeydew;D7DDB9
7673M;7673m pekoe tea;7673M;Pekoe Tea;C0C899
7674D;7674d dried basil;7674D;Dried Basil;A2AB74
7675A;7675a romaine;7675A;Romaine;8E995F
7676N;7676n jungle moss;7676N;Jungle Moss;6F7D48
7680W;7680w evasive white;7680W;Evasive White;FFFADA
7681W;7681w dewy twig;7681W;Dewy Twig;F8EFCE
7682W;7682w lime ice;7682W;Lime Ice;E7E2B8
7683M;7683m sweet olive;7683M;Sweet Olive;D5CE97
7684D;7684d spring sprout;7684D;Spring Sprout;C2BB6D
7685A;7685a liverpool;7685A;Liverpool;ABA557
7686N;7686n summer olive;7686N;Summer Olive;909143
7690W;7690w liming white;7690W;Liming White;FEFCE7
7691W;7691w flora ivory;7691W;Flora Ivory;FDF1CB
7692W;7692w escarole;7692W;Escarole;F2E7B9
7693M;7693m emeraude gold;7693M;Emeraude Gold;E6DB9D
7694D;7694d fife gold;7694D;Fife Gold;D1BF6D
7695A;7695a antebellum;7695A;Antebellum;BFAE54
7696N;7696n kiwi fruit;7696N;Kiwi Fruit;ADA044
7700W;7700w downy duckling;7700W;Downy Duckling;FFFFDD
7701W;7701w ivory paper;7701W;Ivory Paper;FFFDCD
7702W;7702w yellow sash;7702W;Yellow Sash;FFF7BE
7703M;7703m cool yellow;7703M;Cool Yellow;FCEC9E
7704D;7704d cat's eye;7704D;Cat's Eye;E7D46B
7705A;7705a pyrite;7705A;Pyrite;D9C44D
7706N;7706n green citrus;7706N;Green Citrus;BAA434
7710W;7710w star magnolia;7710W;Star Magnolia;FFFEE9
7711W;7711w angelica blossom;7711W;Angelica Blossom;FFF7D0
7712W;7712w dijon;7712W;Dijon;FEF1BC
7713M;7713m mustard bloom;7713M;Mustard Bloom;F7E09C
7714D;7714d honey gold;7714D;Honey Gold;F1D582
7715D;7715d golden rotunda;7715D;Golden Rotunda;E5C26E
7716N;7716n evergold;7716N;Evergold;CDA647
7720W;7720w delicate cream;7720W;Delicate Cream;FEFFED
7721W;7721w light honey;7721W;Light Honey;FFFAD2
7722W;7722w roman chamomile;7722W;Roman Chamomile;FEF1BA
7723M;7723m daisetta;7723M;Daisetta;FADF98
7724D;7724d golden horn;7724D;Golden Horn;E9C06E
7725A;7725a cortez gold;7725A;Cortez Gold;D7AE56
7726N;7726n gold rush;7726N;Gold Rush;CCA444
7730W;7730w corinthian;7730W;Corinthian;FEFFF1
7731W;7731w light topaz;7731W;Light Topaz;FFEAC5
7732W;7732w butter pecan;7732W;Butter Pecan;FADBAC
7733M;7733m sahara gold;7733M;Sahara Gold;F2D3A4
7734M;7734m cane;7734M;Cane;EAC68C
7735D;7735d topaz;7735D;Topaz;D7AA69
7736N;7736n butterbrickle;7736N;Butterbrickle;C19149
7740W;7740w snow gum;7740W;Snow Gum;FFFFF3
7741W;7741w slivered pecan;7741W;Slivered Pecan;FEEDCF
7742W;7742w light toast;7742W;Light Toast;FFE2C0
7743M;7743m cupola yellow;7743M;Cupola Yellow;F7D8AC
7744M;7744m september leaf;7744M;September Leaf;EAC89B
7745D;7745d spanish gold;7745D;Spanish Gold;D7AA71
7746N;7746n golden glove;7746N;Golden Glove;B4864A
7750W;7750w beach basket;7750W;Beach Basket;FFF9E9
7751W;7751w beach grass;7751W;Beach Grass;FEE4CD
7752W;7752w oakbuff;7752W;Oakbuff;EFD2B4
7753M;7753m harvest tan;7753M;Harvest Tan;EAC8AC
7754M;7754m safari tan;7754M;Safari Tan;DCB99B
7755D;7755d tannery;7755D;Tannery;C69F76
7756N;7756n cockatoo gold;7756N;Cockatoo Gold;A57B53
7760W;7760w weaverbird;7760W;Weaverbird;FFFEF9
7761W;7761w nutmeg dust;7761W;Nutmeg Dust;FEEDD3
7762W;7762w western sand;7762W;Western Sand;FDE0C2
7763M;7763m highland buff;7763M;Highland Buff;E7C69D
7764M;7764m coffee 'n cream;7764M;Coffee 'N Cream;D8AD80
7765D;7765d terracotta tile;7765D;Terracotta Tile;C29365
7766A;7766a rich amber;7766A;Rich Amber;AB7348
7770W;7770w frosty toffee;7770W;Frosty Toffee;FFF0E1
7771W;7771w ceramic beige;7771W;Ceramic Beige;FEECD8
7772W;7772w pale adobe;7772W;Pale Adobe;FFDBC5
7773M;7773m desert sunset;7773M;Desert Sunset;E8BEA4
7774D;7774d desert vista;7774D;Desert Vista;CF9D78
7775D;7775d canyon wall;7775D;Canyon Wall;C88E68
7776N;7776n galena gold;7776N;Galena Gold;AE7951
7780W;7780w blushed cotton;7780W;Blushed Cotton;FFF8EF
7781W;7781w enchilada;7781W;Enchilada;FFEBD8
7782W;7782w peach beige;7782W;Peach Beige;FEDEC9
7783M;7783m toasted tan;7783M;Toasted Tan;EABFAC
7784M;7784m nullabor sand;7784M;Nullabor Sand;DAAE95
7785D;7785d heathcote;7785D;Heathcote;C18A6C
7786N;7786n contemporary maple;7786N;Contemporary Maple;A66E55
7790W;7790w opalescence;7790W;Opalescence;FFF8E8
7791W;7791w ivory peach;7791W;Ivory Peach;FEEBDC
7792W;7792w dusky coral;7792W;Dusky Coral;FFDDD1
7793M;7793m taffy crunch;7793M;Taffy Crunch;F0BAA2
7794D;7794d appealing apricot;7794D;Appealing Apricot;D69474
7795A;7795a southwest amber;7795A;Southwest Amber;CD8866
7796N;7796n mythic fire;7796N;Mythic Fire;AC6B4B
7800W;7800w ivory powder;7800W;Ivory Powder;FFF5EB
7801W;7801w strata beige;7801W;Strata Beige;FFEFE0
7802W;7802w westerly tan;7802W;Westerly Tan;FFDFD0
7803M;7803m mission beige;7803M;Mission Beige;E9BDA6
7804D;7804d clay urn;7804D;Clay Urn;C8957A
7805A;7805a copper gold;7805A;Copper Gold;B0745C
7806N;7806n roaring hearth;7806N;Roaring Hearth;9B6446
7810W;7810w taffy tint;7810W;Taffy Tint;FFF3EA
7811W;7811w golden apricot;7811W;Golden Apricot;FFDBCF
7812W;7812w confection tan;7812W;Confection Tan;F4C8BD
7813M;7813m apple taffy;7813M;Apple Taffy;D9AB9C
7814D;7814d honeysuckle coral;7814D;Honeysuckle Coral;C18D78
7815A;7815a paprika;7815A;Paprika;B57C68
7816N;7816n tasmanian myrtle;7816N;Tasmanian Myrtle;A46B58
7820W;7820w sheer natural;7820W;Sheer Natural;FEF0E5
7821W;7821w blush beige;7821W;Blush Beige;FEDCD3
7822W;7822w tyrian tan;7822W;Tyrian Tan;F6CABF
7823M;7823m mayan sun;7823M;Mayan Sun;E1B0A2
7824M;7824m desert edge;7824M;Desert Edge;CC9787
7825D;7825d tawny copper;7825D;Tawny Copper;B87F6D
7826A;7826a ayers rock;7826A;Ayers Rock;9F6154
7830W;7830w apple blush;7830W;Apple Blush;FFEFEB
7831W;7831w french floral;7831W;French Floral;FFE7E7
7832W;7832w pale rose;7832W;Pale Rose;FFDDDB
7833M;7833m matador pink;7833M;Matador Pink;F2B6B4
7834D;7834d breccia;7834D;Breccia;E49D96
7835D;7835d reef rust;7835D;Reef Rust;D58880
7836N;7836n copper canyon;7836N;Copper Canyon;A95C52
7840W;7840w pink candle;7840W;Pink Candle;FEF5F0
7841W;7841w candied apricot;7841W;Candied Apricot;FFEDEB
7842W;7842w misted coral;7842W;Misted Coral;FFD8D9
7843M;7843m terra cotta tint;7843M;Terra Cotta Tint;F0B4B4
7844D;7844d rockies red;7844D;Rockies Red;D28686
7845D;7845d sunburst;7845D;Sunburst;BF726A
7846N;7846n eldorado;7846N;Eldorado;A34E49
7850W;7850w cosmetic pink;7850W;Cosmetic Pink;FFF2EF
7851W;7851w rose damask;7851W;Rose Damask;FFE2DE
7852W;7852w dutchess dawn;7852W;Dutchess Dawn;F7C9CA
7853W;7853w muted mesa;7853W;Muted Mesa;E3A7A6
7854M;7854m rose pueblo;7854M;Rose Pueblo;BF7977
7855D;7855d cajun spice;7855D;Cajun Spice;B06761
7856A;7856a tomahawk;7856A;Tomahawk;994E46
7860W;7860w pink shine;7860W;Pink Shine;FFF5F3
7861W;7861w oregon rose;7861W;Oregon Rose;FFE6EA
7862W;7862w wild carnation;7862W;Wild Carnation;F7D4DB
7863M;7863m opening bud;7863M;Opening Bud;EBAAB2
7864D;7864d coral berry;7864D;Coral Berry;D18288
7865A;7865a field poppy;7865A;Field Poppy;BE6C70
7866N;7866n baked apple;7866N;Baked Apple;A14C4F
7870W;7870w pinafore;7870W;Pinafore;FFF2F1
7871W;7871w pink light;7871W;Pink Light;FFD9E4
7872W;7872w berry mousse;7872W;Berry Mousse;F1C5D2
7873M;7873m cashmere rose;7873M;Cashmere Rose;E1A3B0
7874D;7874d canterbury rose;7874D;Canterbury Rose;CB7D8A
7875A;7875a polished coral;7875A;Polished Coral;B76770
7876N;7876n briar berry;7876N;Briar Berry;994D4F
7880W;7880w softly pink;7880W;Softly Pink;FFEBED
7881W;7881w dawn glow;7881W;Dawn Glow;FFDBE5
7882W;7882w rouge;7882W;Rouge;FDC5D2
7883M;7883m charming pink;7883M;Charming Pink;ECA2B3
7884D;7884d rambler rose;7884D;Rambler Rose;D9838E
7885A;7885a crimson barberry;7885A;Crimson Barberry;B35D66
7886N;7886n rio red;7886N;Rio Red;AA4A4B
7890W;7890w pink clarity;7890W;Pink Clarity;FFF0F3
7891W;7891w ginger pink;7891W;Ginger Pink;F7C8D0
7892W;7892w cherokee rose;7892W;Cherokee Rose;E6B4BF
7893M;7893m gaiety rose;7893M;Gaiety Rose;D79AA2
7894D;7894d sun poppy;7894D;Sun Poppy;C98489
7895A;7895a blazen pink;7895A;Blazen Pink;AC636C
7896N;7896n duberry red;7896N;Duberry Red;8E4E4F
7900W;7900w tatiana pink;7900W;Tatiana Pink;FFF1F4
7901W;7901w cameo glass;7901W;Cameo Glass;FFDAE7
7902W;7902w rose memory;7902W;Rose Memory;EFC5D3
7903M;7903m autumn rose;7903M;Autumn Rose;DEA1B1
7904D;7904d rose shade;7904D;Rose Shade;CD8A9B
7905D;7905d chinaberry;7905D;Chinaberry;B36F7A
7906N;7906n remember rose;7906N;Remember Rose;94525B
7910W;7910w rose thought;7910W;Rose Thought;FFEAF7
7911W;7911w sweet columbine;7911W;Sweet Columbine;FFD2E7
7912W;7912w sweetrose;7912W;Sweetrose;FEC4DC
7913M;7913m cactus bloom;7913M;Cactus Bloom;EFA4C3
7914D;7914d pink gardenia;7914D;Pink Gardenia;D17B96
7915A;7915a miniature rose;7915A;Miniature Rose;BB637C
7916N;7916n regency red;7916N;Regency Red;914954
7920W;7920w swiss pink;7920W;Swiss Pink;FFE2F7
7921W;7921w windflower;7921W;Windflower;FBD0E4
7922W;7922w viva la pink;7922W;Viva La Pink;E9B7D4
7923M;7923m madeline;7923M;Madeline;DC9BBB
7924D;7924d floral plum;7924D;Floral Plum;BB7591
7925A;7925a rose velvet;7925A;Rose Velvet;A55B74
7926N;7926n magenta royale;7926N;Magenta Royale;894A5B
7930W;7930w raspberry pink;7930W;Raspberry Pink;FFF1F4
7931W;7931w may blossom;7931W;May Blossom;EFC8DF
7932W;7932w garden paradise;7932W;Garden Paradise;E4B2CF
7933M;7933m viola phlox;7933M;Viola Phlox;D093B4
7934D;7934d geisha;7934D;Geisha;BB7398
7935A;7935a exotic plum;7935A;Exotic Plum;A25B79
7936N;7936n bright bordeaux;7936N;Bright Bordeaux;854A5E
7940W;7940w cherish;7940W;Cherish;FFF1F8
7941W;7941w romantic violet;7941W;Romantic Violet;ECD2EF
7942W;7942w violet trace;7942W;Violet Trace;E3C0E0
7943D;7943d violet aero;7943D;Violet Aero;C090B6
7944D;7944d rose amaranth;7944D;Rose Amaranth;AC789F
7945A;7945a fresh berry;7945A;Fresh Berry;956283
7946N;7946n blackberry swirl;7946N;Blackberry Swirl;654655
7950W;7950w plum frost;7950W;Plum Frost;FFF2F9
7951W;7951w ophelia violet;7951W;Ophelia Violet;ECD4EA
7952W;7952w captivating violet;7952W;Captivating Violet;E4C3DC
7953D;7953d plum sparkle;7953D;Plum Sparkle;B893B2
7954D;7954d perfect plum;7954D;Perfect Plum;9F7C9C
7955A;7955a regal bearing;7955A;Regal Bearing;866381
7956N;7956n bacchus;7956N;Bacchus;5D485B
